code,cunli,name,party,birth
67000010-007,新營區大宏里,蔡崇名,中國國民黨,1955-02-02
67000010-011,新營區興安里,王道正,無,1941-12-06
67000010-010,新營區土庫里,林旭清,無,1962-09-15
67000010-005,新營區延平里,蘇科全,民主進步黨,1953-05-30
67000010-004,新營區好平里,沈鈺麒,無,1959-08-23
67000010-006,新營區永生里,陳國安,無,1955-06-21
67000010-017,新營區護鎮里,陳添龍,無,1952-03-02
67000010-018,新營區太南里,李裕銘,無,1953-03-02
67000020-001,鹽水區水秀里,顏秀盆,無,1960-11-25
67000010-028,新營區新南里,沈崑寶,無,1961-05-25
67000010-019,新營區太北里,王献彰,無,1941-08-06
67000010-021,新營區嘉芳里,陳慶章,無,1960-03-21
67000020-002,鹽水區福得里,蕭碧玉,無,1960-12-25
67000010-020,新營區南紙里,王信雄,無,1945-01-15
67000020-004,鹽水區武廟里,楊秀菊,無,1950-12-02
67000020-003,鹽水區三生里,柯永茂,無,1955-02-02
67000010-025,新營區五興里,郭茂松,無,1961-09-23
67000010-027,新營區新北里,陳登山,無,1953-07-15
67000010-023,新營區角帶里,邱文清,無,1967-03-28
67000020-005,鹽水區中境里,白春桐,無,1952-04-03
67000020-015,鹽水區大莊里,趙世國,無,1950-09-03
67000020-012,鹽水區義稠里,陳續賢,無,1962-12-10
67000020-009,鹽水區舊營里,謝清和,無,1948-10-06
67000020-018,鹽水區孫厝里,張淑齡,無,1961-11-15
67000020-011,鹽水區岸內里,黃育洧,無,1948-02-05
67000020-014,鹽水區歡雅里,趙榮其,無,1957-09-13
67000020-007,鹽水區水正里,蘇禎村,無,1955-08-19
67000020-008,鹽水區橋南里,林火木,無,1959-09-22
67000020-016,鹽水區桐寮里,趙添成,無,1958-11-20
67000020-006,鹽水區水仙里,廖敏滄,無,1963-08-22
67000030-004,白河區庄內里,張茂山,無,1957-07-27
67000030-006,白河區河東里,劉朝仁,無,1973-01-02
67000020-024,鹽水區河南里,李太郎,無,1948-08-15
67000030-003,白河區外角里,盛偉崇,無,1962-04-30
67000030-002,白河區永安里,黃輝虎,無,1951-07-02
67000020-022,鹽水區大豐里,洪上仁,無,1959-06-02
67000030-001,白河區白河里,林光輝,無,1947-09-26
67000020-021,鹽水區田寮里,林榮泰,無,1950-01-20
67000020-025,鹽水區南港里,陳森山,無,1959-06-06
67000030-019,白河區崎內里,黃登志,無,1947-11-10
67000030-017,白河區蓮潭里,賴建臣,無,1960-10-23
67000030-021,白河區汴頭里,吳瑞成,無,1945-11-04
67000030-018,白河區竹門里,陳新店,無,1956-08-22
67000030-016,白河區廣安里,包永松,無,1953-04-19
67000030-013,白河區玉豐里,陳清枝,無,1956-12-02
67000030-009,白河區崁頭里,陳惠君,無,1973-03-14
67000030-012,白河區關嶺里,楊和男,無,1941-06-15
67000030-010,白河區六溪里,張峰旗,無,1962-12-10
67000040-001,柳營區士林里,蔡金生,無,1952-06-06
67000040-010,柳營區大農里,吳銀來,無,1952-09-16
67000030-022,白河區內角里,魏豊勝,無,1941-10-30
67000040-007,柳營區太康里,林國明,無,1957-05-01
67000040-011,柳營區神農里,張輝明,無,1942-11-02
67000040-009,柳營區篤農里,陳献堂,無,1953-11-17
67000040-005,柳營區八翁里,林靜芳,無,1962-10-03
67000040-002,柳營區光福里,黃啟峰,無,1963-09-10
67000040-003,柳營區中埕里,王天河,無,1941-11-24
67000040-006,柳營區人和里,施明朝,無,1960-09-08
67000030-024,白河區甘宅里,鄭文賢,無,1951-05-10
67000050-011,後壁區新東里,吳慶男,無,1942-11-23
67000050-009,後壁區仕安里,廖育諒,無,1972-04-25
67000050-010,後壁區竹新里,王虎雄,無,1940-11-26
67000050-005,後壁區嘉田里,林順福,無,1954-11-16
67000050-007,後壁區菁豊里,楊玉年,無,1960-08-01
67000050-003,後壁區嘉苳里,林虔彪,無,1954-04-01
67000050-014,後壁區福安里,廖國龍,無,1976-08-24
67000050-017,後壁區墨林里,殷献政,無,1955-06-17
67000050-021,後壁區平安里,廖春旗,無,1958-08-02
67000050-019,後壁區新嘉里,張細雲,民主進步黨,1951-01-06
67000050-018,後壁區菁寮里,楊端立,無,1950-12-28
67000060-005,東山區大客里,朱朝文,無,1944-07-16
67000050-016,後壁區後廍里,黃正雄,無,1965-09-22
67000060-004,東山區三榮里,黃素芬,無,1969-02-25
67000050-015,後壁區烏樹里,詹國鐘,無,1949-03-12
67000050-020,後壁區頂長里,蕭國瑞,無,1958-02-08
67000060-003,東山區東正里,蘇松,無,1953-02-28
67000060-007,東山區東河里,吳火生,無,1948-04-03
67000070-003,麻豆區東角里,林釗洧,無,1947-04-15
67000070-004,麻豆區晋江里,榮志強,無,1965-05-07
67000070-001,麻豆區穀興里,楊鴻鳴,無,1944-11-13
67000060-012,東山區嶺南里,陳顯茂,無,1952-11-01
67000060-006,東山區科里里,王復到,無,1957-04-10
67000060-008,東山區南溪里,洪志忠,無,1970-03-26
67000060-010,東山區林安里,楊春男,無,1938-04-01
67000060-014,東山區青山里,李正才,無,1953-03-10
67000070-005,麻豆區巷口里,莊信哲,無,1958-09-06
67000060-009,東山區水雲里,陳福松,無,1959-08-10
67000070-016,麻豆區小埤里,林玉雲,民主進步黨,1973-03-13
67000070-012,麻豆區總榮里,黃美珠,無,1954-05-03
67000070-015,麻豆區寮廍里,陳發強,無,1966-05-12
67000070-020,麻豆區莊禮里,陳王華,無,1959-03-21
67000070-008,麻豆區新建里,王新添,無,1949-12-20
67000070-010,麻豆區北勢里,陳朝枝,無,1948-08-21
67000070-018,麻豆區大山里,張錦煌,無,1957-12-02
67000070-007,麻豆區興農里,施千斤,無,1929-12-13
67000070-009,麻豆區油車里,施福春,無,1953-04-20
67000080-004,下營區後街里,洪榮隆,無,1947-04-20
67000070-021,麻豆區港尾里,蔡淑綢,無,1966-01-25
67000080-003,下營區宅內里,曾進發,無,1951-03-27
67000080-001,下營區下營里,姜協成,無,1956-02-20
67000070-027,麻豆區中民里,江茂晟,無,1966-11-14
67000080-006,下營區營前里,姜德楠,無,1948-11-11
67000070-023,麻豆區安東里,吳建霖,無,1974-03-23
67000070-029,麻豆區磚井里,陳育輝,無,1959-01-22
67000070-025,麻豆區安西里,李士博,無,1956-04-10
67000080-002,下營區仁里里,楊銀發,無,1948-07-15
67000070-026,麻豆區謝安里,謝德道,無,1947-08-09
67000070-024,麻豆區安業里,李永達,無,1953-12-10
67000080-005,下營區新興里,陳榮鴻,無,1961-05-21
67000070-028,麻豆區安正里,黃章,無,1950-07-06
67000080-015,下營區紅厝里,顏榮泰,無,1957-09-10
67000090-003,六甲區甲南里,劉國賢,無,1951-11-30
67000090-002,六甲區甲東里,顏党春,無,1950-02-02
67000080-012,下營區西連里,林文祥,無,1961-05-13
67000090-004,六甲區龍湖里,黃進丁,無,1946-09-30
67000080-011,下營區開化里,王清得,無,1969-11-15
67000090-006,六甲區二甲里,林英慧,無,1955-04-15
67000080-007,下營區大屯里,洪清吉,無,1959-01-25
67000080-013,下營區賀建里,柯玉堂,無,1958-02-10
67000080-014,下營區甲中里,顏財福,無,1961-03-07
67000100-002,官田區二鎮里,陳清榮,無,1953-08-09
67000090-012,六甲區大丘里,李金村,無,1950-04-24
67000100-006,官田區隆田里,王同寶,無,1952-04-15
67000100-003,官田區湖山里,胡宏孟,無,1961-03-13
67000100-009,官田區東庄里,胡漢榮,無,1955-09-27
67000090-010,六甲區菁埔里,蔡清吉,中國國民黨,1948-09-14
67000100-005,官田區大崎里,陳延海,無,1951-02-10
67000110-007,大內區頭社里,羅文宗,無,1960-03-02
67000110-010,大內區曲溪里,楊春寶,無,1957-06-02
67000100-013,官田區社子里,湯全璧,無,1937-05-24
67000110-008,大內區環湖里,王財興,無,1951-04-27
67000110-003,大內區石城里,楊聰進,無,1953-11-22
67000110-002,大內區石林里,楊享壽,無,1943-12-13
67000100-011,官田區拔林里,林金和,無,1948-06-05
67000110-001,大內區石湖里,陳燕姿,無,1956-01-25
67000120-001,佳里區東寧里,林育如,無,1955-04-25
67000110-004,大內區內江里,田振坤,無,1951-07-09
67000120-002,佳里區忠仁里,楊林錦鴦,無,1959-06-27
67000100-012,官田區渡頭里,胡義全,中國國民黨,1948-05-08
67000110-009,大內區二溪里,謝楊秀娥,無,1949-09-15
67000100-010,官田區西庄里,陳水榮,無,1949-08-15
67000120-009,佳里區興化里,林黃秋香,無,1964-08-15
67000120-016,佳里區通興里,葉鴻彬,無,1955-02-07
67000120-015,佳里區嘉福里,林秉達,無,1956-03-16
67000120-011,佳里區溪州里,陳進源,無,1948-07-15
67000120-003,佳里區鎮山里,林振鈷,無,1949-03-10
67000120-012,佳里區海澄里,謝文賓,無,1966-09-10
67000120-010,佳里區營頂里,莊順治,無,1939-10-05
67000120-008,佳里區禮化里,楊江進,無,1952-09-20
67000120-005,佳里區安西里,陳雅慧,無,1951-01-10
67000120-017,佳里區蚶寮里,林子昆,無,1948-12-20
67000120-004,佳里區建南里,吳榮山,無,1949-01-20
67000120-006,佳里區六安里,林佩玲,無,1965-06-07
67000120-013,佳里區漳洲里,蘇順政,無,1957-02-02
67000130-010,學甲區新達里,陳敏男,無,1957-10-21
67000130-003,學甲區光華里,邱益在,無,1953-07-31
67000130-009,學甲區平和里,陳學先,無,1963-02-10
67000130-008,學甲區豐和里,賴清田,無,1954-11-06
67000130-005,學甲區慈福里,李新進,無,1947-11-10
67000130-006,學甲區秀昌里,謝金雀,無,1962-11-26
67000120-020,佳里區子龍里,謝清安,無,1954-12-22
67000130-002,學甲區新榮里,王東盛,無,1946-04-30
67000120-021,佳里區三協里,黃水川,無,1937-07-12
67000130-013,學甲區中洲里,林清發,無,1950-09-03
67000140-011,西港區新復里,黃國文,無,1953-03-16
67000140-004,西港區檨林里,謝文賢,無,1951-09-12
67000140-001,西港區西港里,吳景盛,無,1951-12-27
67000140-002,西港區南海里,黃光暉,無,1964-05-10
67000140-003,西港區港東里,方郭秀雲,中國國民黨,1953-10-28
67000130-012,學甲區三慶里,李坤明,無,1955-03-08
67000140-006,西港區營西里,方世雄,無,1952-01-20
67000140-008,西港區劉厝里,劉盈發,無,
67000140-005,西港區後營里,方隆民,無,1947-11-18
67000150-001,七股區後港里,黃福得,無,1957-06-05
67000140-012,西港區慶安里,吳明欽,無,1955-05-20
67000150-014,七股區看坪里,張智祥,無,1957-08-25
67000150-003,七股區城內里,蘇龍標,無,1959-03-03
67000150-008,七股區龍山里,王文財,無,1969-03-20
67000150-013,七股區大寮里,汪聰慧,無,1954-07-20
67000150-010,七股區七股里,黃進士,無,1953-10-10
67000150-012,七股區大埕里,吳榮華,無,1951-06-27
67000150-005,七股區頂山里,陳俊德,無,1971-11-27
67000150-011,七股區玉成里,陳國慶,無,1960-10-10
67000150-007,七股區塩埕里,李財教,無,1947-04-02
67000150-015,七股區樹林里,黃寶田,無,1961-07-13
67000150-009,七股區溪南里,黃榮輝,無,1939-09-24
67000150-006,七股區西寮里,陳銀謀,無,1946-12-16
67000150-016,七股區竹港里,郭仲義,無,1944-03-20
67000150-019,七股區義合里,黃文乾,民主進步黨,1959-09-26
67000160-008,將軍區仁和里,李敏惠,無,1954-01-26
67000150-020,七股區槺榔里,楊松原,無,1960-11-13
67000150-023,七股區十份里,張水金,無,1953-02-22
67000160-001,將軍區長榮里,謝杉,無,1948-08-18
67000160-005,將軍區嘉昌里,何火生,無,1963-03-25
67000150-018,七股區竹橋里,張靜堯,無,1947-06-07
67000150-022,七股區三股里,黃仙立,無,1968-11-30
67000160-006,將軍區保源里,黃文旦,無,1947-11-13
67000160-004,將軍區忠興里,黃聰惠,無,1966-03-12
67000150-017,七股區中寮里,許全田,無,1956-06-12
67000160-009,將軍區北埔里,吳武宗,無,1955-06-02
67000170-001,北門區保吉里,凃耀明,民主進步黨,1949-08-20
67000160-012,將軍區三吉里,許明輝,無,1960-08-02
67000170-005,北門區北門里,洪光敏,無,1961-09-02
67000160-018,將軍區鯤溟里,王素娥,無,1956-05-17
67000170-002,北門區雙春里,李連興,中國國民黨,1954-10-24
67000160-016,將軍區平沙里,吳國樑,無,1954-12-20
67000160-014,將軍區廣山里,吳泰源,無,1962-05-22
67000160-017,將軍區鯤鯓里,王燕宗,無,1951-12-22
67000170-004,北門區鯤江里,林妙文,無,1961-02-05
67000160-013,將軍區玉山里,陳富全,無,1955-03-03
67000160-011,將軍區將貴里,吳儒益,無,1971-09-10
67000160-015,將軍區長沙里,陳明泰,無,1961-11-17
67000170-003,北門區東壁里,洪松茂,中國國民黨,1953-07-07
67000180-004,新化區太平里,李朝勝,無,1957-08-25
67000180-001,新化區武安里,林保全,無,1951-12-02
67000170-011,北門區慈安里,陳錦文,無,1964-08-26
67000180-008,新化區清水里,姚順良,無,1954-11-24
67000170-008,北門區仁里里,侯淞山,中國國民黨,1947-12-08
67000180-006,新化區觀音里,王麗芬,無,1968-09-16
67000180-009,新化區協興里,李明郎,無,1956-10-26
67000170-013,北門區永隆里,潘江益,無,1950-06-24
67000170-007,北門區三光里,曾進祥,無,1957-05-08
67000170-006,北門區錦湖里,郭添貴,無,1957-10-11
67000170-010,北門區中樞里,陳厚任,無,1949-09-29
67000180-005,新化區中央里,姚振源,無,1960-03-12
67000190-005,善化區南關里,許義方,無,1965-03-09
67000180-016,新化區山脚里,林和村,無,1954-12-06
67000180-015,新化區知義里,吳武德,無,1944-09-30
67000180-014,新化區崙頂里,林水鮫,無,1950-01-07
67000180-012,新化區豐榮里,楊水泉,無,1940-06-01
67000180-017,新化區大坑里,黃永源,無,1953-09-15
67000180-020,新化區礁坑里,鄭榮欽,無,1959-05-20
67000180-019,新化區羊林里,蔡永松,無,1959-07-17
67000190-003,善化區光文里,蔡振德,無,1961-04-07
67000190-004,善化區文昌里,李立先,無,1964-01-30
67000190-002,善化區坐駕里,林怡珊,無,1958-12-12
67000190-001,善化區東關里,張芳睿,民主進步黨,1971-08-22
67000190-021,善化區小新里,黃瑞芳,無,1956-02-15
67000190-013,善化區六分里,楊竹林,無,1945-07-09
67000190-008,善化區文正里,胡志賢,無,1961-04-20
67000190-009,善化區胡家里,丁水明,無,1955-04-25
67000190-006,善化區西關里,蘇坤欣,中國國民黨,1950-06-08
67000190-015,善化區田寮里,楊柳塘,無,1957-09-25
67000190-011,善化區什乃里,廖慶章,無,1943-07-13
67000190-018,善化區牛庄里,蘇坤修,無,1949-07-25
67000190-007,善化區北關里,洪秉鴻,無,1961-12-25
67000190-010,善化區胡厝里,陳順隆,無,1951-11-12
67000190-014,善化區六德里,鄭宗枝,無,1957-05-28
67000200-011,新市區永就里,蔡聰連,民主進步黨,1958-01-17
67000200-006,新市區三舍里,林華郎,無,1958-10-14
67000210-006,安定區港尾里,鄭道隆,無,1960-11-30
67000200-001,新市區新市里,王國平,無,1946-08-22
67000200-010,新市區港墘里,周春林,無,1957-03-10
67000210-005,安定區保西里,丁主亮,無,1961-02-19
67000200-008,新市區大社里,李清發,無,1959-09-27
67000210-004,安定區安加里,王邱春梅,無,1955-10-01
67000200-005,新市區豐華里,黃俊榮,無,1955-03-22
67000200-002,新市區新和里,李富文,無,1957-07-20
67000200-009,新市區潭頂里,董育堂,無,1963-08-29
67000210-009,安定區港南里,王成章,無,1956-02-04
67000210-010,安定區大同里,葉進丁,無,1958-02-09
67000220-001,山上區明和里,田財益,無,1950-07-05
67000220-002,山上區南洲里,李振家,無,1959-12-01
67000210-012,安定區中沙里,王猷欽,無,1968-10-10
67000220-003,山上區山上里,郭文仁,無,1966-01-29
67000210-007,安定區中榮里,翁添壽,無,1951-01-10
67000210-015,安定區管寮里,吳瑞鴻,無,1962-02-16
67000210-008,安定區港口里,王國春,無,1946-11-08
67000210-013,安定區新吉里,陳保后,無,1951-01-16
67000210-016,安定區南安里,王國如,無,1958-09-02
67000210-011,安定區六嘉里,徐炎山,無,1951-07-10
67000230-003,玉井區中正里,鄭錦堂,無,1963-02-04
67000230-004,玉井區竹圍里,劉木圍,無,1954-09-21
67000230-008,玉井區望明里,李麗華,無,1956-03-21
67000230-005,玉井區沙田里,邱文化,無,1945-11-20
67000230-007,玉井區三和里,陳海永,無,1957-05-22
67000240-001,楠西區楠西里,劉富誠,無,1977-09-29
67000230-009,玉井區層林里,嚴福春,無,1958-05-14
67000230-002,玉井區玉田里,郭茂林,中國國民黨,1960-09-02
67000240-002,楠西區灣丘里,蘇木傳,無,1953-12-13
67000250-006,南化區西埔里,廖大宇,無,1951-10-30
67000250-001,南化區南化里,余俊輝,無,1958-06-14
67000250-008,南化區玉山里,邱永霖,無,1958-04-05
67000250-003,南化區中坑里,余玉糸,無,1949-03-01
67000250-005,南化區東和里,林志明,無,1965-02-25
67000250-007,南化區北寮里,林金蒼,無,1946-09-04
67000240-006,楠西區龜丹里,林茂松,無,1956-02-10
67000250-009,南化區關山里,謝國男,無,1964-03-10
67000240-005,楠西區鹿田里,胡文杰,無,1962-03-30
67000260-002,左鎮區榮和里,邱國輝,無,1945-08-30
67000240-007,楠西區東勢里,張事民,無,1952-04-21
67000250-002,南化區小崙里,王泰山,無,1958-12-26
67000260-007,左鎮區澄山里,穆宏男,無,1965-02-06
67000260-003,左鎮區左鎮里,林谷芳,無,1951-09-18
67000260-006,左鎮區內庄里,謝龍泉,無,1957-05-06
67000270-002,仁德區土庫里,黃富建,無,1956-01-23
67000260-009,左鎮區草山里,林昇東,無,1956-11-12
67000260-010,左鎮區二寮里,楊來枝,無,1954-10-13
67000270-001,仁德區太子里,徐徽梁,無,1952-07-25
67000270-006,仁德區新田里,王俊傑,無,1968-01-25
67000270-004,仁德區仁德里,吳中清,無,1963-03-15
67000270-005,仁德區仁義里,蔡榮安,無,1951-04-20
67000270-007,仁德區後壁里,許連發,無,1957-02-03
67000270-011,仁德區保安里,顏榮城,無,1949-12-02
67000270-012,仁德區成功里,鄭晴而,中國國民黨,1969-02-22
67000270-013,仁德區仁和里,張長壽,中國國民黨,1950-02-18
67000270-017,仁德區中洲里,張文育,無,1961-12-28
67000270-014,仁德區仁愛里,張台昇,中國國民黨,1951-02-23
67000280-001,歸仁區南保里,劉源祥,無,1951-08-26
67000280-014,歸仁區七甲里,郭振豐,無,1936-12-16
67000280-005,歸仁區辜厝里,陳朝騫,無,1956-11-20
67000280-015,歸仁區媽廟里,張宏志,無,1965-11-18
67000280-013,歸仁區八甲里,楊進聰,無,1954-03-19
67000280-009,歸仁區崙頂里,徐進德,無,1956-06-09
67000280-008,歸仁區看東里,楊億樂,無,1955-05-06
67000280-002,歸仁區六甲里,林石象,無,1962-03-06
67000280-004,歸仁區後市里,張文義,無,1952-04-02
67000280-003,歸仁區歸仁里,張楊文淑,無,1948-08-15
67000280-011,歸仁區大潭里,林文鍠,無,1963-06-04
67000280-012,歸仁區武東里,鄭炳耀,無,1958-11-30
67000280-017,歸仁區大廟里,陳黃素卿,無,1953-03-22
67000290-006,關廟區新光里,黃瑞池,無,1955-05-25
67000280-020,歸仁區歸南里,吳忠霖,無,1958-11-11
67000280-019,歸仁區新厝里,林文斌,無,1962-01-19
67000290-007,關廟區五甲里,蔡明松,無,1958-11-14
67000290-001,關廟區關廟里,戴德和,無,1945-06-01
67000280-018,歸仁區南興里,朱璟漢,無,1960-04-14
67000280-021,歸仁區文化里,劉三吉,無,1948-09-08
67000290-005,關廟區新埔里,張敬仁,無,1954-11-13
67000290-003,關廟區香洋里,盧添登,無,1941-01-09
67000300-003,龍崎區中坑里,陳茂全,無,1945-06-15
67000290-017,關廟區下湖里,陳照明,無,1954-08-18
67000300-006,龍崎區大坪里,余文生,無,1966-03-24
67000290-013,關廟區布袋里,陳龍目,無,1961-11-28
67000300-004,龍崎區楠坑里,洪榮和,無,1951-05-18
67000290-012,關廟區深坑里,吳明哲,無,1943-11-27
67000290-015,關廟區龜洞里,王澤源,無,1959-08-24
67000290-014,關廟區田中里,雙文傾,無,1960-05-23
67000300-002,龍崎區土崎里,王義成,無,1954-11-12
67000290-011,關廟區北花里,楊國眞,民主進步黨,1960-06-12
67000290-016,關廟區埤頭里,許文進,無,1954-08-25
67000310-003,永康區永康里,林信全,無,1959-12-30
67000310-009,永康區三民里,陳河得,無,1950-08-09
67000310-004,永康區埔園里,王宗敏,無,1952-01-25
67000310-015,永康區南灣里,詹瑞美,無,1954-05-30
67000310-012,永康區大灣里,鄭文義,無,1949-12-02
67000310-010,永康區塩行里,盧文良,無,1951-12-02
67000310-021,永康區建國里,鍾國寶,中國國民黨,1958-11-11
67000310-017,永康區北灣里,鄭瑞益,無,1953-06-20
67000310-020,永康區復國里,許建國,中國國民黨,1962-02-24
67000310-019,永康區復興里,李鎮國,中國國民黨,1965-11-16
67000310-027,永康區龍潭里,陳舒奕,民主進步黨,1972-03-16
67000310-029,永康區塩洲里,毛三宝,無,1952-04-06
67000310-026,永康區勝利里,卓進鏞,無,1962-09-05
67000310-024,永康區成功里,金冠宏,中國國民黨,1968-07-16
67000310-016,永康區崑山里,李忠信,無,1964-02-03
67000310-025,永康區中興里,楊森斌,中國國民黨,1950-10-04
67000310-030,永康區二王里,謝文奇,無,1963-11-14
67000310-022,永康區神洲里,歐煌崇,中國國民黨,1954-07-02
67000310-028,永康區光復里,左文屏,中國國民黨,1956-06-22
67000310-036,永康區尚頂里,周三貴,無,1943-11-01
67000310-032,永康區三合里,朱水發,中國國民黨,1950-04-10
67000310-034,永康區安康里,王君哲,無,1961-11-13
67000310-033,永康區東橋里,陳振安,無,1956-08-20
67000310-035,永康區西橋里,黃明同,無,1960-12-30
67000320-003,東區大智里,黃日新,無,1957-01-05
67000320-004,東區崇學里,陳長提,中國國民黨,1957-10-28
67000310-037,永康區復華里,王松俊,中國國民黨,1968-08-11
67000310-038,永康區正強里,吳燕義,無,1955-09-08
67000320-001,東區富裕里,董進龍,無,1952-08-21
67000320-005,東區泉南里,洪孟甫,中國國民黨,1951-08-22
67000320-006,東區仁和里,丁素禎,無,1953-02-27
67000320-007,東區後甲里,王南寶,中國國民黨,1961-08-21
67000310-039,永康區中華里,林義泰,中國國民黨,1950-01-20
67000320-009,東區新東里,江坤山,中國國民黨,1945-04-07
67000320-002,東區裕農里,陳良濱,中國國民黨,1951-08-01
67000320-011,東區東安里,施進賢,民主進步黨,1949-12-02
67000320-019,東區崇善里,黃榮裕,無,1967-06-21
67000320-013,東區自強里,鍾連嘉,無,1960-05-20
67000320-024,東區龍山里,許福銘,無,1974-01-22
67000320-010,東區中西里,陳世安,無,1970-12-24
67000320-015,東區路東里,楊華珍,無,1953-08-09
67000320-012,東區崇明里,李仁慈,中國國民黨,1954-01-04
67000320-020,東區富強里,李寶猜,無,1954-11-15
67000320-023,東區大學里,許俊雄,中國國民黨,1939-06-01
67000320-018,東區衛國里,陳盈良,民主進步黨,1975-10-25
67000320-030,東區崇誨里,趙洪芝,中國國民黨,1952-10-03
67000320-035,東區崇成里,陳文進,中國國民黨,1968-05-06
67000320-029,東區忠孝里,蔡孟葦,無,1979-09-23
67000320-039,東區德光里,曾國全,中國國民黨,1969-06-02
67000320-038,東區大同里,謝明魁,無,1940-06-20
67000320-040,東區崇信里,葉洋佐,無,1944-09-17
67000320-036,東區東門里,陳憲明,中國國民黨,1945-11-14
67000320-028,東區大福里,陳錦秀,民主進步黨,1967-01-03
67000320-031,東區東明里,郭秀琴,中國國民黨,1957-12-08
67000320-032,東區崇德里,陳福來,中國國民黨,1953-09-19
67000320-033,東區東智里,陳素芳,中國國民黨,1965-01-06
67000320-037,東區成大里,凃飛鵬,中國國民黨,1939-08-18
67000320-027,東區莊敬里,林榮德,中國國民黨,1947-02-15
67000330-001,南區竹溪里,王璟瑞,無,1968-01-27
67000330-008,南區田寮里,王能波,無,1958-05-08
67000320-044,東區南聖里,周翊庭,無,1973-04-24
67000330-003,南區明德里,陳瑞華,中國國民黨,1960-10-25
67000330-005,南區廣州里,許林麗玉,無,1951-08-01
67000330-007,南區新興里,邱志初,民主進步黨,1958-01-05
67000330-002,南區荔宅里,張英,中國國民黨,1956-02-09
67000330-004,南區大成里,朱明湖,無,1951-10-02
67000320-043,東區裕聖里,戴崇熙,無,1950-09-28
67000330-013,南區明亮里,蘇三柱,民主進步黨,1956-01-09
67000330-027,南區文華里,許亭然,無,1949-12-09
67000330-018,南區興農里,段美珠,無,1967-09-10
67000330-014,南區喜東里,蔡祠重,無,1955-07-10
67000330-020,南區佛壇里,謝忠智,無,1964-02-10
67000330-016,南區喜南里,曹和田,無,1947-07-17
67000330-017,南區省躬里,杜枝文,無,1966-10-25
67000330-023,南區大恩里,施國熙,無,1952-05-02
67000330-024,南區新生里,王安國,中國國民黨,1951-05-07
67000330-025,南區再興里,蘇清和,民主進步黨,1954-01-02
67000330-015,南區喜北里,林鴻儒,無,1968-07-13
67000330-026,南區明興里,王俊生,無,1959-04-06
67000330-028,南區金華里,柯崑城,無,1950-02-18
67000330-034,南區府南里,薛添福,無,1953-02-07
67000340-004,北區東興里,王泉尚,中國國民黨,1955-09-02
67000330-036,南區鯤鯓里,陳金江,中國國民黨,1954-10-08
67000330-032,南區建南里,江勝雄,民主進步黨,1958-01-03
67000330-035,南區文南里,陳清泉,中國國民黨,1957-04-10
67000340-005,北區力行里,鄭昆福,無,1961-09-17
67000330-030,南區開南里,姚錫銘,民主進步黨,1959-12-28
67000330-031,南區彰南里,蘇正南,中國國民黨,1951-07-28
67000340-001,北區開元里,翁明樹,無,1957-12-21
67000330-033,南區郡南里,王全益,民主進步黨,1954-10-08
67000330-037,南區松安里,黃高能,無,1957-06-13
67000340-003,北區勝安里,吳澐晏,中國國民黨,1956-08-11
67000330-038,南區永寧里,王育貞,無,1965-08-26
67000340-009,北區大仁里,莊淑芬,無,1964-09-08
67000340-016,北區延平里,吳坤福,民主進步黨,1955-12-05
67000340-010,北區大山里,柯惠君,中國國民黨,1958-11-07
67000340-013,北區實踐里,郭繼明,中國國民黨,1956-09-18
67000340-018,北區大豐里,余禮南,民主進步黨,1950-03-15
67000340-012,北區光武里,廖克中,中國國民黨,1969-09-26
67000340-015,北區正風里,陳雍明,無,1958-04-16
67000340-014,北區小康里,許至川,中國國民黨,1957-10-20
67000340-011,北區大道里,劉秋勇,中國國民黨,1951-01-28
67000340-006,北區華興里,謝昌成,民主進步黨,1967-03-15
67000340-008,北區仁愛里,吳棟旺,無,1949-12-10
67000340-032,北區中樓里,楊政衡,中國國民黨,1962-10-05
67000340-029,北區安民里,陳正武,無,1958-01-01
67000340-020,北區和順里,吳杰,無,1956-11-01
67000340-030,北區興南里,徐德興,無,1945-05-18
67000340-021,北區國姓里,莊金胞,無,1952-07-13
67000340-023,北區正覺里,吳銅吉,民主進步黨,1956-03-29
67000340-034,北區玉皇里,王許麗雲,中國國民黨,1946-07-13
67000340-027,北區國興里,吳承芳,無,1951-09-16
67000340-024,北區成功里,鄭景元,民主進步黨,1972-07-12
67000340-035,北區長德里,李茂德,無,1949-09-02
67000340-039,北區永祥里,高凱旋,中國國民黨,1962-07-12
67000340-036,北區三德里,王黃春子,中國國民黨,1945-05-29
67000340-041,北區文成里,蘇來椿,民主進步黨,1957-02-01
67000340-038,北區元寶里,李文豪,中國國民黨,1957-08-04
67000350-002,安南區安順里,陳進明,無,1961-04-13
67000340-040,北區成德里,王三保,民主進步黨,1953-01-10
67000340-043,北區賢北里,黃富得,無,1950-11-13
67000350-006,安南區安東里,吳金城,民主進步黨,1953-05-22
67000340-037,北區五福里,陳印斌,無,1955-11-17
67000350-004,安南區州南里,涂文財,民主進步黨,1951-03-02
67000340-042,北區大和里,陳美惠,無,1967-01-29
67000350-016,安南區海西里,吳欽郎,民主進步黨,1944-01-18
67000350-010,安南區新順里,陳賈,無,1952-11-15
67000350-009,安南區安慶里,蕭振隆,無,1959-08-18
67000350-023,安南區佃西里,高進見,無,1962-07-06
67000350-020,安南區淵東里,黃旺根,民主進步黨,1952-02-02
67000350-021,安南區淵西里,周竹抱,無,1954-02-21
67000350-012,安南區總頭里,蔡忠明,無,1955-04-24
67000350-022,安南區佃東里,程全祿,民主進步黨,1963-06-17
67000350-014,安南區公親里,王金樹,無,1955-04-10
67000350-018,安南區溪心里,劉澤民,無,1956-10-01
67000350-019,安南區塩田里,王正德,無,1956-12-25
67000350-013,安南區長安里,鄭豊村,無,1949-04-18
67000350-027,安南區城東里,郭峻民,無,1965-01-16
67000350-028,安南區城北里,郭昆財,無,1959-11-17
67000350-026,安南區學東里,黃南忠,無,1960-02-02
67000350-040,安南區溪墘里,許義雄,民主進步黨,1943-10-26
67000350-031,安南區城西里,嚴文正,民主進步黨,1961-12-20
67000350-035,安南區鹿耳里,蕭平和,無,1945-11-29
67000350-033,安南區砂崙里,陳清海,無,1947-02-04
67000350-036,安南區四草里,王佐雄,無,1942-10-09
67000350-034,安南區顯宮里,林志英,無,1972-12-17
67000350-047,安南區淵中里,吳孟忠,無,1969-01-03
67000350-048,安南區布袋里,黃重安,中國國民黨,1954-10-16
67000350-045,安南區理想里,鄭順,民主進步黨,1958-12-12
67000350-043,安南區鳳凰里,王蓉,民主進步黨,1953-03-07
67000350-042,安南區幸福里,謝炳雄,民主進步黨,1948-09-21
67000360-002,安平區金城里,黃俊策,無,1965-05-03
67000350-051,安南區大安里,黃豐榮,民主進步黨,1965-02-19
67000350-046,安南區溪東里,吳富義,民主進步黨,1971-05-15
67000360-001,安平區西門里,謝聰洲,中國國民黨,1955-10-26
67000350-044,安南區梅花里,蔡和豐,民主進步黨,1954-06-22
67000350-050,安南區安富里,吳財國,民主進步黨,1958-02-10
67000360-003,安平區石門里,陳清山,中國國民黨,1955-01-06
67000360-009,安平區文平里,李瑞福,無,1953-07-20
67000360-006,安平區怡平里,蔡錦庭,無,1963-01-09
67000360-012,安平區億載里,鄭聰維,中國國民黨,1969-01-06
67000360-013,安平區海頭里,陳文龍,無,1968-02-01
67000370-002,中西區銀同里,鄭雀燕,無,1961-11-25
67000370-003,中西區小西里,王重堅,無,1970-10-27
67000360-005,安平區建平里,傅建峰,無,1959-04-05
67000370-004,中西區仙草里,曾俊仁,民主進步黨,1952-09-24
67000370-001,中西區公正里,曾景亮,無,1960-11-26
67000360-007,安平區華平里,李文江,民主進步黨,1952-10-20
67000360-014,安平區港仔里,周明財,無,1962-02-02
67000360-015,安平區平安里,蔡陳阿麗,無,1942-12-09
67000360-010,安平區國平里,許原哲,民主進步黨,1963-06-17
67000360-011,安平區育平里,王國信,中國國民黨,1966-11-10
67000370-005,中西區赤嵌里,黃偉展,民主進步黨,1978-05-21
67000370-006,中西區五妃里,陳建宇,無,1981-06-02
67000370-011,中西區開山里,呂基正,無,1972-06-29
67000370-013,中西區建國里,陳英俊,民主進步黨,1952-10-23
67000370-018,中西區三民里,陳弘烈,無,1952-09-27
67000370-019,中西區萬昌里,郭天祥,民主進步黨,1967-08-05
67000370-015,中西區永福里,曾朝欽,中國國民黨,1964-05-14
67000370-017,中西區天后里,王長春,中國國民黨,1959-01-19
67000370-016,中西區永華里,黃文龍,中國國民黨,1945-09-08
67000370-010,中西區大南里,陳俊傑,無,1965-11-21
67000370-008,中西區福安里,李源榮,無,1949-03-10
67000370-020,中西區普濟里,邱永祥,中國國民黨,1947-05-29
67000370-012,中西區進學里,蘇雅子,中國國民黨,1957-03-20
67000370-009,中西區法華里,吳益輝,無,1956-08-28
67000370-007,中西區郡王里,楊明憲,無,1954-04-20
67000370-014,中西區青年里,葉煌杰,民主進步黨,1947-11-29
67000370-029,中西區民生里,蔡銘順,民主進步黨,1958-02-14
67000370-034,中西區西賢里,陳清佳,無,1953-07-05
67000370-023,中西區協和里,洪安壽,民主進步黨,1945-05-09
67000370-022,中西區藥王里,邱彌文,民主進步黨,1959-10-31
67000370-028,中西區安海里,徐孝臣,無,1945-09-18
67000370-021,中西區水仙里,沈廉哲,無,1964-10-25
67000370-024,中西區文賢里,陳見利,民主進步黨,1957-07-17
67000370-026,中西區元安里,林綉華,民主進步黨,1945-05-12
67000370-032,中西區民主里,劉錦融,無,1957-01-02
67000370-027,中西區協進里,高文江,無,1956-03-21
67000370-038,中西區郡西里,陳余櫻柳,民主進步黨,1952-06-27
67000370-035,中西區三合里,曾雅志,無,1957-03-07
67000370-036,中西區民權里,鄭榮霖,無,1950-11-23
67000370-037,中西區保安里,蔡宗明,中國國民黨,1939-02-19
67000010-001,新營區忠政里,黃薏蓁,無,1967-06-20
67000010-003,新營區三仙里,蕭水樹,無,1947-05-11
67000010-008,新營區王公里,蔡明勳,無,1960-10-31
67000010-012,新營區南興里,黃彩月,無,1950-04-02
67000010-002,新營區民權里,王獻德,無,1960-09-19
67000010-009,新營區中營里,蔡牧謙,無,1966-08-13
67000010-013,新營區興業里,蔡利發,無,1961-02-12
67000010-016,新營區埤寮里,謝藕,無,1956-03-02
67000010-015,新營區民榮里,黃新義,民主進步黨,1959-08-06
67000010-014,新營區民生里,陳慶祥,無,1959-12-02
67000010-022,新營區舊廍里,李蔡媫莉,無,1958-09-12
67000010-024,新營區鐵線里,沈志宸,無,1965-10-13
67000010-029,新營區新東里,朱茂誠,無,1967-03-01
67000010-026,新營區姑爺里,王月順,無,1960-12-12
67000020-010,鹽水區汫水里,顏瑞欽,無,1961-02-02
67000020-020,鹽水區下林里,佘炳奎,無,1958-01-27
67000020-017,鹽水區後宅里,王武龍,無,1958-08-20
67000020-013,鹽水區下中里,洪英杰,無,1960-01-25
67000020-019,鹽水區竹埔里,魏英錕,無,1946-12-11
67000030-005,白河區秀祐里,王春棋,無,1965-04-19
67000020-023,鹽水區飯店里,王坤泉,無,1964-06-01
67000030-007,白河區虎山里,吳昕璨,民主進步黨,1963-01-04
67000030-015,白河區詔安里,曾中成,無,1950-08-23
67000030-008,白河區大林里,吳進丁,無,1951-09-02
67000030-011,白河區仙草里,詹宗梧,無,1956-08-02
67000030-014,白河區大竹里,陳國禎,無,1955-03-15
67000030-023,白河區草店里,陳石圍,無,1958-07-20
67000030-020,白河區昇安里,黃火明,無,1951-02-06
67000040-008,柳營區重溪里,吳桂美,無,1960-04-10
67000040-012,柳營區果毅里,張順士,無,1952-11-02
67000040-004,柳營區東昇里,吳小麗,無,1969-08-12
67000050-004,後壁區土溝里,林木己,無,1953-01-16
67000040-013,柳營區旭山里,張文獻,無,1963-08-05
67000050-006,後壁區嘉民里,賴榮荃,無,1963-10-18
67000050-002,後壁區侯伯里,廖義順,無,1957-03-01
67000050-008,後壁區崁頂里,黃啓明,無,1965-11-05
67000050-001,後壁區後壁里,陳志成,無,1959-11-11
67000050-012,後壁區頂安里,林丁和,無,1955-05-14
67000050-013,後壁區長安里,黃秀梅,無,1950-11-06
67000060-001,東山區東山里,卓睿杰,無,1966-08-24
67000060-002,東山區東中里,蘇木武,無,1950-02-08
67000060-013,東山區南勢里,羅登順,無,1941-01-08
67000060-011,東山區東原里,葉孟亮,無,1973-07-13
67000060-015,東山區高原里,胡安東,無,1958-01-21
67000060-016,東山區聖賢里,朱順正,無,1957-02-16
67000070-002,麻豆區保安里,莊福定,無,1956-01-02
67000070-013,麻豆區龍泉里,王益標,無,1955-09-09
67000070-006,麻豆區中興里,吳振和,無,1950-10-25
67000070-011,麻豆區大埕里,陳焜儔,無,1946-01-05
67000070-017,麻豆區埤頭里,李開通,無,1961-10-21
67000070-014,麻豆區南勢里,陳天誠,無,1943-05-10
67000070-019,麻豆區海埔里,盧彥霖,無,1984-08-20
67000070-022,麻豆區麻口里,鍾慧琴,無,1964-02-23
67000080-008,下營區大埤里,曾清賢,無,1960-08-10
67000080-010,下營區中營里,陳清化,無,1953-06-26
67000090-001,六甲區六甲里,李鴻榮,無,1965-03-02
67000090-005,六甲區七甲里,黃德明,無,1944-10-21
67000090-007,六甲區水林里,李宗霖,無,1950-06-13
67000080-009,下營區茅港里,馮朝義,無,1956-08-12
67000090-009,六甲區龜港里,許聰茂,無,1943-12-11
67000100-001,官田區官田里,陳明煌,無,1954-10-30
67000090-011,六甲區王爺里,蔡吉祥,無,1959-10-26
67000090-008,六甲區中社里,陳仙藏,無,1942-02-23
67000100-004,官田區嘉南里,黃良興,無,1949-06-04
67000100-008,官田區南廍里,李清林,無,1965-03-05
67000100-007,官田區隆本里,覃業勛,中國國民黨,1967-12-04
67000110-005,大內區大內里,沈毓萃,無,1955-01-16
67000110-006,大內區內郭里,楊文三,無,1957-10-20
67000120-007,佳里區佳化里,林郭麗珠,無,1955-11-26
67000120-014,佳里區頂廍里,姚志峯,無,1953-10-25
67000120-018,佳里區龍安里,黃寬亮,無,1949-09-20
67000120-019,佳里區民安里,周天財,無,1957-04-21
67000130-001,學甲區仁得里,林嘉雄,無,1956-08-03
67000130-007,學甲區明宜里,凃志宏,無,1959-09-12
67000130-011,學甲區大灣里,王登教,無,1956-01-08
67000130-004,學甲區宅港里,李建彰,無,1966-04-10
67000140-007,西港區金砂里,黃金清,無,1949-03-28
67000150-004,七股區篤加里,邱炳貴,無,1965-10-01
67000140-009,西港區竹林里,郭高興,無,1956-02-19
67000140-010,西港區永樂里,郭吉山,無,1957-09-12
67000150-002,七股區大潭里,許鵬翔,民主進步黨,1953-04-20
67000160-002,將軍區西華里,陳麗如,無,1957-11-06
67000150-021,七股區永吉里,莊弘松,無,1971-08-29
67000160-003,將軍區西和里,戴大川,無,1948-08-24
67000160-007,將軍區苓和里,黃明道,無,1957-09-22
67000160-010,將軍區將富里,周炎祥,無,1960-02-01
67000170-012,北門區永華里,侯明順,無,1962-05-16
67000170-009,北門區玉港里,林妙香,無,1962-07-18
67000180-002,新化區東榮里,許明輝,無,1949-08-01
67000180-003,新化區護國里,張國能,無,1963-11-18
67000180-007,新化區竹林里,黃勝義,無,1939-10-03
67000180-010,新化區唪口里,蔡福成,無,1949-04-01
67000180-011,新化區北勢里,鄭國正,無,1962-10-16
67000180-013,新化區全興里,陳德明,無,1947-02-13
67000180-018,新化區?拔里,李瑞雄,無,1961-05-10
67000190-016,善化區東隆里,蘇桑梓,無,1963-03-03
67000190-012,善化區溪美里,施富卿,無,1959-03-20
67000200-004,新市區大洲里,康景煌,無,1959-04-06
67000190-017,善化區東昌里,蘇茂榕,無,1960-09-30
67000190-020,善化區嘉南里,林儀伍,無,1966-03-12
67000200-003,新市區社內里,陳烱昌,無,1953-10-02
67000190-019,善化區嘉北里,梁楊玉華,民主進步黨,1951-04-20
67000200-007,新市區大營里,廖俊道,無,1973-12-20
67000210-002,安定區蘇厝里,張慶財,無,1953-06-02
67000210-001,安定區蘇林里,王同域,無,1957-01-12
67000210-003,安定區安定里,王燕陸,無,1949-02-20
67000210-014,安定區海寮里,王昭彬,無,1961-04-10
67000220-007,山上區豐德里,李明良,無,1958-12-08
67000220-006,山上區平陽里,黃滄江,無,1958-05-06
67000220-005,山上區玉峯里,陳啓瑞,無,1965-10-17
67000220-004,山上區新莊里,黃羿穎,民主進步黨,1967-04-20
67000230-001,玉井區玉井里,葉俊甫,無,1956-07-18
67000230-006,玉井區三埔里,陳金敏,無,1951-12-25
67000240-004,楠西區照興里,徐孟裕,無,1979-09-29
67000230-010,玉井區豐里里,陳耀哲,無,1957-05-26
67000240-003,楠西區密枝里,林明杉,無,1969-10-04
67000260-001,左鎮區光和里,張國和,無,1960-12-30
67000250-004,南化區北平里,洪明石,無,1963-06-28
67000260-004,左鎮區中正里,林榮昭,無,1944-08-08
67000260-008,左鎮區岡林里,羅周文,無,1964-07-24
67000270-003,仁德區一甲里,楊富田,無,1947-10-06
67000260-005,左鎮區睦光里,辜朝榮,無,1956-02-12
67000270-010,仁德區三甲里,王永和,無,1954-07-17
67000270-008,仁德區上崙里,李月眞,無,
67000270-009,仁德區田厝里,甘文琳,無,1958-02-10
67000280-007,歸仁區看西里,楊專成,無,1953-09-01
67000270-016,仁德區大甲里,吳金寶,無,1946-02-01
67000270-018,仁德區中生里,葉清仁,無,1961-04-10
67000270-015,仁德區二行里,吳忠慶,無,1965-01-28
67000280-006,歸仁區許厝里,陳素鸞,無,1957-09-12
67000280-010,歸仁區沙崙里,李明山,無,1972-04-10
67000280-016,歸仁區西埔里,鄭福利,無,1959-01-02
67000290-002,關廟區山西里,楊啓賢,無,1961-11-10
67000290-008,關廟區東勢里,方耀南,無,1954-09-20
67000290-004,關廟區北勢里,郭水道,無,1954-01-05
67000290-009,關廟區松腳里,李文良,無,1961-06-24
67000290-010,關廟區南花里,郭文郁,無,1977-08-10
67000300-001,龍崎區崎頂里,黃怡婷,無,1985-03-24
67000310-002,永康區網寮里,魏銘城,無,1966-08-07
67000300-008,龍崎區石?里,鄭晚福,無,1962-04-07
67000310-001,永康區五王里,李福祥,民主進步黨,1954-04-22
67000300-007,龍崎區龍船里,余福雄,無,1942-03-01
67000300-005,龍崎區牛埔里,陳永和,無,1960-02-16
67000310-005,永康區大橋里,李建志,民主進步黨,1966-11-05
67000310-007,永康區烏竹里,陳壬子,無,1954-11-08
67000310-011,永康區甲頂里,吳和祥,民主進步黨,1958-05-18
67000310-008,永康區蔦松里,許金龍,無,1959-10-27
67000310-013,永康區東灣里,李明堂,無,1958-11-10
67000310-006,永康區王行里,陳丁為,無,1956-11-07
67000310-018,永康區新樹里,陳日祥,無,1962-01-21
67000310-014,永康區西灣里,陳永祥,民主進步黨,1956-10-01
67000310-023,永康區西勢里,陳寶安,無,1972-04-07
67000310-031,永康區六合里,李信輝,民主進步黨,1983-02-22
67000320-008,東區東光里,許文能,無,1959-05-09
67000320-017,東區關聖里,周瑩琪,無,1969-06-06
67000320-016,東區大德里,黃玉女,無,1958-04-28
67000320-014,東區和平里,洪榮俊,民主進步黨,1968-12-11
67000320-025,東區虎尾里,李泓嶢,無,1980-10-10
67000320-021,東區圍下里,石桂霖,無,1966-06-24
67000320-022,東區小東里,黃貫中,無,1967-09-15
67000320-026,東區德高里,王俊傑,無,1958-11-18
67000320-034,東區東聖里,黃英慈,民主進步黨,1969-10-22
67000320-042,東區復興里,陳郭玉指,民主進步黨,1955-06-30
67000320-041,東區崇文里,陳冠瑒,中國國民黨,1988-12-12
67000320-045,東區文聖里,鄭林勝時,無,1948-06-20
67000330-012,南區白雪里,蔡進原,無,1948-08-21
67000330-010,南區日新里,王文坤,民主進步黨,1963-03-06
67000330-006,南區新昌里,高秋黃,民主進步黨,1946-09-28
67000330-009,南區國宅里,史進財,無,1961-11-27
67000330-011,南區光明里,黃榮籐,無,1957-11-10
67000330-021,南區大林里,劉相明,無,1970-02-25
67000330-022,南區大忠里,許智雄,無,1973-01-04
67000330-019,南區同安里,林良文,民主進步黨,1956-04-28
67000330-029,南區南都里,陳啓祥,無,1975-04-12
67000330-039,南區南華里,辜福恩,民主進步黨,1953-11-19
67000340-007,北區振興里,童小芸,無,1971-07-21
67000340-002,北區新勝里,李嬌鸞,無,1953-07-24
67000340-022,北區六甲里,謝水泉,無,1957-08-01
67000340-025,北區文元里,李榮生,無,1953-08-07
67000340-019,北區重興里,鄭林阿雪,無,1946-06-09
67000340-017,北區興北里,黃文宗,無,1971-07-22
67000340-026,北區大港里,黃良賢,民主進步黨,1956-08-31
67000340-033,北區公園里,徐富美,無,1938-11-08
67000340-028,北區裕民里,鄭智化,無,1962-02-17
67000340-031,北區長榮里,李新生,中國國民黨,1958-01-13
67000350-003,安南區塭南里,林同寳,民主進步黨,1960-11-14
67000350-001,安南區東和里,莊福清,民主進步黨,1956-08-23
67000350-005,安南區州北里,謝加榮,無,1949-04-16
67000350-015,安南區海東里,吳榮坤,無,1969-10-26
67000350-007,安南區安西里,劉昆河,無,1955-07-20
67000350-011,安南區原佃里,林世民,民主進步黨,1961-02-27
67000350-008,安南區頂安里,吳勝智,無,1963-09-14
67000350-024,安南區公塭里,黃銘堂,無,1956-05-06
67000350-029,安南區城中里,沈佳祥,無,1968-12-24
67000350-017,安南區海南里,吳森芳,無,1964-02-20
67000350-030,安南區城南里,蔡炳輝,無,1954-10-20
67000350-025,安南區南興里,施柏男,無,1979-02-23
67000350-038,安南區溪北里,黃文和,無,1956-03-25
67000350-039,安南區溪頂里,蔡崇立,無,1959-02-14
67000350-037,安南區安和里,吳武當,無,1951-05-20
67000350-032,安南區青草里,魏武雄,無,1945-04-15
67000350-041,安南區海佃里,邱信榮,無,1958-12-22
67000350-049,安南區國安里,温伯文,民主進步黨,1955-08-13
67000360-004,安平區漁光里,林寧峰,無,1969-07-24
67000360-008,安平區平通里,李秀珀,民主進步黨,1965-02-17
67000370-025,中西區光賢里,楊隆郡,中國國民黨,1955-04-28
67000370-033,中西區西湖里,柯茂全,無,1960-09-01
67000370-031,中西區大涼里,侯福成,無,1951-02-09
67000370-030,中西區中正里,陳建國,民主進步黨,1957-07-08
