台南市新營區博愛街2巷1號,臺南市新營區民權里3鄰博愛街2巷1號,120.31597895407,23.304780206353
台南市新營區博愛街75巷1號,臺南市新營區民權里8鄰博愛街75巷1號,120.31408898248,23.304050276864
台南市新營區和平路8巷1號,臺南市新營區民榮里4鄰和平路8巷1號,120.30961897029,23.30284024228
台南市新營區和平路47巷1號,臺南市新營區好平里7鄰和平路47巷1號,120.30998277615,23.301502649718
台南市新營區復興路29巷1號,臺南市新營區延平里7鄰復興路29巷1號,120.31284295488,23.302759138194
台南市新營區民族路150巷1號,臺南市新營區王公里21鄰民族路150巷3號,120.31992986756,23.315100195441,找不到號碼完全吻合，找最接近的
台南市新營區大公街78巷1號,臺南市新營區王公里29鄰大公街78巷1號,120.31866891376,23.317570275348
台南市新營區民族路9號,臺南市新營區大宏里26鄰民族路9號,120.31821957893,23.306920851619
台南市新營區信義街53巷1號,臺南市新營區民權里11鄰信義街53巷1號,120.3147389571,23.305570239266
台南市新營區民治路18巷1號,臺南市新化區豐榮里13鄰民治路18巷1號,120.30489327826,23.03209556833,TOWN 欄位不相同
台南市新營區民治路26巷1號,臺南市新營區王公里1鄰民治路26巷1號,120.31761895827,23.311220282546
台南市新營區民生路139巷1號,臺南市新營區民生里24鄰民生路139巷1號,120.30796041697,23.30837469011
台南市新營區復興路135巷1號,臺南市新營區民榮里4鄰復興路135巷1號,120.30910895673,23.302590214461
台南市新營區南紙街82巷1號,臺南市新營區南紙里10鄰南紙街82巷2號,120.29387962954,23.299370299068,找不到號碼完全吻合，找最接近的
台南市新營區中華路52巷1號,臺南市新市區永就里8鄰中華路52巷1號,120.2928091824,23.065020312113,TOWN 欄位不相同
台南市新營區公誠街3巷1號,臺南市新營區興業里18鄰公誠街3巷3號,120.31904629615,23.304923769856,找不到號碼完全吻合，找最接近的
台南市新營區義和街8巷1號,臺南市新營區王公里11鄰義和街8巷1號,120.32045667178,23.312945011415
台南市新營區民治路230巷1號,臺南市新營區新南里1鄰民治路230巷6號,120.30396656532,23.308150449698,找不到號碼完全吻合，找最接近的
台南市新營區進修街29巷1號,臺南市新營區民生里19鄰進修街29巷1號,120.30559900789,23.306910249713
台南市新營區忠義街1號,臺南市新營區延平里8鄰忠義街1號,120.31218962039,23.302914740114
台南市新營區武侯街1號,臺南市新營區好平里2鄰武侯街1之1號,120.31263333443,23.300149577531,找不到號碼完全吻合，找最接近的
台南市新營區中原街1號,臺南市新營區延平里15鄰中原街1之3號,120.31095344766,23.303010908565,找不到號碼完全吻合，找最接近的
台南市新營區建業路227巷16弄1號,臺南市新營區南紙里21鄰建業路227巷16弄2號,120.29712965738,23.297740279377,找不到號碼完全吻合，找最接近的
台南市新營區東興3街22巷1號,臺南市新營區新東里25鄰東興三街22巷1號,120.32238867899,23.315637019236
台南市新營區民治路53巷1號,臺南市新營區民權里24鄰民治路53巷1號,120.31235057218,23.310240809941
台南市新營區民生路385巷1號,臺南市新營區新北里27鄰民生路385巷3號,120.30460980977,23.313320270135,找不到號碼完全吻合，找最接近的
台南市柳營區博愛街43號,臺南市柳營區士林里8鄰博愛街43號,120.3108303492,23.277762169649
台南市柳營區中山西路二段106號,臺南市柳營區中埕里4鄰中山西路二段106號,120.31546846299,23.277037677489
台南市柳營區柳營路三段420巷23號,臺南市柳營區人和里18鄰柳營路三段420巷23號,120.31374992815,23.294464318307
台南市柳營區成功街198號,臺南市柳營區光福里15鄰成功街198號,120.31357176405,23.278669235379
台南市柳營區成功街240號,臺南市柳營區光福里14鄰成功街240號,120.31277910926,23.278408502336
台南市柳營區成功街136巷1號,臺南市柳營區東昇里2鄰成功街136巷1號,120.31474847309,23.279100863653
台南市柳營區成功街110巷1號,臺南市柳營區東昇里3鄰成功街110巷1號,120.31522123028,23.279128391886
台南市柳營區中山西路二段133號,臺南市柳營區光福里3鄰中山西路二段133號,120.31389364794,23.276626528576
台南市新營區中正路37巷1號,臺南市新營區忠政里3鄰中正路37巷1號,120.31645896302,23.313200188961
台南市柳營區中山西路一段117號,臺南市柳營區東昇里28鄰中山西路一段117號,120.32172587004,23.278917798899
台南市柳營區十美街518巷1號,臺南市柳營區光福里26鄰十美街518巷1號,120.31452355913,23.281105798593
台南市柳營區十美街537號,臺南市柳營區光福里26鄰十美街522號,120.3145056838,23.280950585659,找不到號碼完全吻合，找最接近的
台南市柳營區成功街38號,臺南市柳營區東昇里10鄰成功街38號,120.31694676912,23.279048231222
台南市柳營區中山西路一段352巷1號,臺南市柳營區東昇里11鄰中山西路一段352巷2號,120.31776207955,23.279238879021,找不到號碼完全吻合，找最接近的
台南市新營區中山路245巷1號,臺南市新營區永生里16鄰中山路245巷1號,120.31410897428,23.302420279199
台南市柳營區中興街50號,臺南市柳營區中埕里11鄰中興街50號,120.3153831088,23.278285066775
台南市柳營區中山西路三段488號,臺南市柳營區八翁里12鄰中山西路三段488號,120.30368997767,23.276176232861
台南市柳營區士林街18號,臺南市柳營區士林里4鄰士林街18號,120.30908508177,23.277084110923
台南市柳營區柳營路一段662巷31弄1號,臺南市柳營區光福里25鄰柳營路一段662巷31弄1號,120.31432544153,23.271116247769
台南市新營區中正路39巷1號,臺南市新營區忠政里4鄰中正路39巷1號,120.31623951699,23.313610816206
台南市柳營區義士路一段312號,臺南市柳營區大農里6鄰義士路一段311號,120.37643562581,23.282816439918,找不到號碼完全吻合，找最接近的
台南市柳營區義士路一段832巷1號,臺南市柳營區篤農里19鄰義士路一段832巷2號,120.36801211638,23.2853005813,找不到號碼完全吻合，找最接近的
台南市柳營區義士路一段386巷1號,臺南市柳營區大農里3鄰義士路一段386巷1號,120.3757790183,23.282883631323
台南市柳營區義士路一段350巷1號,臺南市柳營區大農里2鄰義士路一段350巷1號,120.3762852404,23.28318300372
台南市柳營區義士路一段328巷1號,臺南市柳營區大農里2鄰義士路一段328巷1號,120.37659518792,23.283376033601
台南市柳營區十美街236號,臺南市柳營區東昇里20鄰十美街236號,120.31954532434,23.280902448285
台南市柳營區柳營路二段252巷1號,臺南市柳營區光福里19鄰柳營路二段252巷1號,120.31216165394,23.281490252861
台南市柳營區成功街76巷1號,臺南市柳營區東昇里5鄰成功街76巷1號,120.3159482074,23.279044874837
台南市柳營區旭山里新吉庄35號,臺南市柳營區旭山里4鄰新吉庄35號,120.38666287503,23.265729788834
台南市鹽水區西門路12巷1號,臺南市鹽水區水正里17鄰西門路12巷2號,120.26681414086,23.318183269645,找不到號碼完全吻合，找最接近的
台南市鹽水區朝琴路55巷1號,臺南市鹽水區三生里7鄰朝琴路55巷1號,120.26864963678,23.321529192514
台南市鹽水區忠義路1號,臺南市鹽水區三生里2鄰忠義路1號,120.26757258249,23.32175090184
台南市鹽水區民生街1號,臺南市鹽水區三生里2鄰民生街1號,120.26758275716,23.32103614579,吻合地址超過一個
台南市鹽水區忠義路1號,臺南市鹽水區三生里2鄰忠義路1號,120.26757258249,23.32175090184
台南市後壁區竹新里竹圍後20號,臺南市後壁區竹新里2鄰竹圍後20號,120.30171546254,23.344062960359
台南市東山區東中里民治街1號,臺南市東山區東中里17鄰民治街3號,120.40372015714,23.32061321855,找不到號碼完全吻合，找最接近的
台南市東山區東中里中興路68巷1號,臺南市東山區東中里22鄰中興路68巷1號,120.4036648178,23.32306691863
台南市東山區東原里前大埔48-3號,臺南市東山區東原里4鄰前大埔48號,120.44569882145,23.264322005711,找不到號碼完全吻合，找最接近的
台南市東山區東原里前大埔68之2號,臺南市東山區東原里6鄰前大埔68號,120.44514670817,23.263754046237,找不到號碼完全吻合，找最接近的
台南市白河區康樂路(一)1號,臺南市白河區白河里2鄰康樂路11號,120.41533407696,23.347572334983
台南市白河區康樂路(二)1號,臺南市白河區白河里2鄰康樂路21號,120.41519889297,23.347757126005
台南市白河區十全街1號,臺南市白河區白河里3鄰十全街1之4號,120.41648228118,23.345836805152,找不到號碼完全吻合，找最接近的
台南市白河區新富街1號,臺南市白河區白河里12鄰新富街1號,120.41580270041,23.349566646893
台南市白河區文明街1號,臺南市白河區白河里7鄰文明街1號,120.41580005665,23.347980876461
台南市白河區安和街1號,臺南市白河區白河里3鄰安和街1號,120.41529139087,23.345149151629
台南市白河區南昌街16巷1號,臺南市白河區白河里3鄰南昌街16巷2號,120.41579039813,23.346344240551,找不到號碼完全吻合，找最接近的
台南市白河區康樂路30巷1號,臺南市白河區白河里5鄰康樂路30巷1號,120.41528826409,23.348252033608
台南市白河區七賢街1號,臺南市白河區永安里21鄰七賢街1號,120.41219140705,23.346291129295
台南市白河區七賢街45巷1號,臺南市白河區永安里17鄰七賢街45巷1號,120.41300742978,23.347535546311
台南市白河區富民路356巷1號,臺南市白河區永安里8鄰富民路356巷1號,120.40959038746,23.347377134789
台南市麻豆區仁愛路1號,臺南市鹽水區橋南里17鄰仁愛路1號,120.26359929378,23.310892205732,TOWN 欄位不相同
台南市麻豆區興國路1號,臺南市麻豆區保安里10鄰興國路1號,120.24855945371,23.183531529028
台南市麻豆區光復路1號,臺南市麻豆區保安里1鄰光復路1號,120.24855922961,23.184428566863
台南市麻豆區平等路1號,臺南市麻豆區大埕里18鄰平等路1號,120.24803793279,23.184672596118
台南市麻豆區新生南路1號,臺南市麻豆區新建里7鄰新生南路1號,120.2413743808,23.18455881172
台南市麻豆區自強街1號,臺南市麻豆區油車里1鄰自強街1號,120.24392997901,23.18576053604
台南市麻豆區復興街1號,臺南市白河區外角里6鄰復興街1號,120.41832636813,23.351709293778,TOWN 欄位不相同;吻合地址超過一個
台南市麻豆區民權路1號,臺南市麻豆區晋江里18鄰民權路1號,120.25156321556,23.18349129769
台南市麻豆區和平路1號,臺南市麻豆區巷口里5鄰和平路1號,120.24893530653,23.179682664007
台南市麻豆區民權路1號,臺南市麻豆區晋江里18鄰民權路1號,120.25156321556,23.18349129769
台南市麻豆區忠孝路1號,臺南市麻豆區大埕里12鄰忠孝路1號,120.24836088128,23.185628969162
台南市麻豆區新生南路1號,臺南市麻豆區新建里7鄰新生南路1號,120.2413743808,23.18455881172
台南市麻豆區民權路1號,臺南市麻豆區晋江里18鄰民權路1號,120.25156321556,23.18349129769
台南市麻豆區自強街1號,臺南市麻豆區油車里1鄰自強街1號,120.24392997901,23.18576053604
台南市下營區賀建里火燒珠9號,臺南市下營區賀建里9鄰火燒珠9號,120.28323572986,23.255804972843
台南市下營區東興一街125巷1號,臺南市下營區新興里3鄰東興一街125巷5號,120.26580497283,23.237953617069,找不到號碼完全吻合，找最接近的
台南市下營區玄德街43巷1號,臺南市下營區宅內里15鄰玄德街43巷5號,120.26045309855,23.235768918597,找不到號碼完全吻合，找最接近的
台南市下營區復興街51號,臺南市下營區營前里13鄰復興街51號,120.26351644422,23.234183197833
台南市下營區宅內街1號,臺南市下營區後街里7鄰宅內街2號,120.2609783777,23.237673367066,找不到號碼完全吻合，找最接近的
台南市下營區文化街21巷1號,臺南市下營區營前里18鄰文化街21巷1號,120.26508207717,23.23300977028
台南市下營區中正南路106巷1號,臺南市下營區營前里8鄰中正南路106巷1號,120.26320813632,23.232460824423
台南市下營區中正南路205巷1號,臺南市下營區營前里25鄰中正南路205巷1號,120.26508277278,23.230830393576
台南市下營區人和三街71巷1號,臺南市下營區宅內里9鄰人和三街71巷2號,120.25963212694,23.236632649896,找不到號碼完全吻合，找最接近的
台南市六甲區文化街17巷1號,臺南市六甲區甲南里9鄰文化街17巷2號,120.35321721583,23.228209055936,找不到號碼完全吻合，找最接近的
台南市六甲區仁愛街60巷1號,臺南市六甲區甲東里3鄰仁愛街60巷1號,120.35411409818,23.231161497073
台南市六甲區忠孝街53巷1號,臺南市六甲區甲南里7鄰忠孝街53巷1號,120.35337178722,23.227277065479
台南市六甲區裕農街49巷1號,臺南市六甲區甲東里19鄰裕農街49巷1號,120.3562748776,23.228530526589
台南市六甲區忠孝街146巷1號,臺南市六甲區甲東里14鄰忠孝街146巷1號,120.35541658468,23.229345766517
台南市六甲區復興街12巷1號,臺南市六甲區甲東里1鄰復興街12巷3號,120.35462526504,23.230536476147,找不到號碼完全吻合，找最接近的
台南市六甲區永安街3巷1號,臺南市六甲區甲南里14鄰永安街3巷1號,120.35471747559,23.229363576893
台南市六甲區忠孝街49巷1號,臺南市六甲區甲南里6鄰忠孝街49巷1號,120.35315146026,23.226910440837
台南市六甲區中興街1號,臺南市六甲區甲南里6鄰中興街1號,120.35230270806,23.227427439608
台南市六甲區裕農街2巷11弄1號,臺南市六甲區甲東里24鄰裕農街2巷11弄1號,120.35448973437,23.227164088641
台南市六甲區民權街228巷1號,臺南市六甲區二甲里14鄰民權街228巷1號,120.3459720906,23.228676453599
台南市六甲區民權街282巷1號,臺南市六甲區二甲里8鄰民權街282巷3號,120.34476641145,23.229303717492,找不到號碼完全吻合，找最接近的
台南市六甲區七甲街166巷1號,臺南市六甲區七甲里4鄰七甲街166巷1號,120.3453456676,23.223606983731
台南市六甲區中華路208巷1號,臺南市六甲區龍湖里10鄰中華路208巷1號,120.34382256865,23.223837041187
台南市六甲區仁愛街83巷1號,臺南市六甲區六甲里19鄰仁愛街83巷2號,120.35354681196,23.231755709559,找不到號碼完全吻合，找最接近的
台南市六甲區忠孝街217巷1號,臺南市六甲區甲東里4鄰忠孝街217巷1號,120.3550924098,23.23159515625
台南市六甲區復興街1巷1號,臺南市六甲區甲南里21鄰復興街1巷1號,120.3545067513,23.229904335662
台南市玉井區民權路39巷1號,臺南市玉井區玉田里23鄰民權路39巷1號,120.4625983727,23.121866955047
台南市玉井區大道街1號,臺南市玉井區玉田里10鄰大道街1號,120.46195973925,23.122677145685
台南市玉井區太子街1號,臺南市玉井區玉田里12鄰太子街8號,120.46110718599,23.122385445831,找不到號碼完全吻合，找最接近的
台南市玉井區民主街66巷1號,臺南市玉井區玉田里19鄰民主街66巷1號,120.46350666118,23.123242745865
台南市玉井區和平街160巷1號,臺南市玉井區玉田里40鄰和平街160巷41號,120.46550040885,23.11741556257,找不到號碼完全吻合，找最接近的
台南市玉井區仁愛街26巷1號,臺南市玉井區玉田里30鄰仁愛街26巷1號,120.46817836945,23.119808800191
台南市玉井區健康街122巷1號,臺南市玉井區中正里10鄰健康街122巷28號,120.46844727767,23.131350639736,找不到號碼完全吻合，找最接近的
台南市玉井區健康街100巷1號,臺南市玉井區中正里10鄰健康街100巷1號,120.46870970902,23.131035463013
台南市玉井區仁愛街180巷1號,臺南市玉井區玉田里42鄰仁愛街180巷6號,120.46741835757,23.121847270822,找不到號碼完全吻合，找最接近的
台南市玉井區大智街158巷1號,臺南市玉井區玉田里21鄰大智街158巷10號,120.46583388281,23.121543551472,找不到號碼完全吻合，找最接近的
台南市楠西區油車1號,臺南市楠西區鹿田里7鄰油車1號,120.48399817024,23.14697345731
台南市楠西區油車1號,臺南市楠西區鹿田里7鄰油車1號,120.48399817024,23.14697345731
台南市佳里區進學路250巷1號,臺南市佳里區六安里28鄰進學路250巷1號,120.17594064756,23.164811813829
台南市佳里區中和街29巷9號,臺南市佳里區建南里10鄰中和街29巷9號,120.17558632658,23.158877855997
台南市佳里區仁愛路202巷1號,臺南市佳里區鎮山里9鄰仁愛路202巷1號,120.18212726375,23.152979381526
台南市佳里區進學路178巷1號,臺南市佳里區六安里2鄰進學路178巷1號,120.17896688492,23.164233900683
台南市佳里區文化路457巷9號,臺南市佳里區安西里43鄰文化路457巷9號,120.17002730146,23.162555349794
台南市佳里區文化路612巷12弄1號,臺南市佳里區安西里40鄰文化路612巷12弄1號,120.16673532479,23.163624356365
台南市西港區慶安路186巷1號,臺南市西港區南海里1鄰慶安路186巷1號,120.19857597846,23.120982777009
台南市西港區慶安路97巷7弄1號,臺南市西港區慶安里28鄰慶安路97巷7弄1號,120.20089297838,23.120579061751
台南市西港區劉厝里蚶西港11-22號,臺南市西港區劉厝里15鄰蚶西港11號,120.17947225056,23.132129287035,找不到號碼完全吻合，找最接近的
台南市西港區新復里新港36號,臺南市西港區新復里5鄰新港36號,120.18403100868,23.107980366561
台南市西港區新復里新港38號,臺南市西港區新復里5鄰新港38號,120.18463965067,23.107983692943
台南市學甲區中學路17巷1號,臺南市學甲區新達里9鄰中學路17巷1號,120.18539599762,23.236150406099
台南市學甲區中學路33巷1號,臺南市學甲區新達里9鄰中學路33巷1號,120.18505741847,23.236199127365
台南市學甲區和平路298巷1號,臺南市學甲區明宜里14鄰和平路298巷1號,120.17942264402,23.234368354258
台南市學甲區華宗路393巷1號,臺南市學甲區慈福里24鄰華宗路393巷4號,120.18199188999,23.233164346844,找不到號碼完全吻合，找最接近的
台南市學甲區華宗路421巷1號,臺南市學甲區慈福里26鄰華宗路421巷2號,120.18224811487,23.233881655646,找不到號碼完全吻合，找最接近的
台南市學甲區建國路55巷1號,臺南市學甲區仁得里1鄰建國路55巷3號,120.18051647648,23.229719635667,找不到號碼完全吻合，找最接近的
台南市學甲區華宗路396巷1號,臺南市學甲區慈福里28鄰華宗路396巷1號,120.18270086463,23.233022655133
台南市學甲區中學路16巷1號,臺南市學甲區新達里9鄰中學路16巷1號,120.18558890166,23.236566055932
台南市學甲區中學路32巷1號,臺南市學甲區新達里9鄰中學路32巷1號,120.18527234366,23.236608751477
台南市下營區中山路一段148巷1號,臺南市下營區下營里1鄰中山路一段148巷1號,120.26412141043,23.235283622385
台南市北門區東壁里蚵寮367號,臺南市北門區保吉里14鄰蚵寮367號,120.13450521255,23.286382958128,VILLAGE 欄位不相同
台南市北門區北門里舊埕5號,臺南市北門區北門里14鄰舊埕5號,120.1247359861,23.265593065578
台南市北門區東壁里蚵寮644號,臺南市北門區東壁里8鄰蚵寮644號,120.13653528341,23.28786517278
台南市善化區善化區東昌里東勢寮27號,臺南市佳里區通興里6鄰東勢寮27號,120.15820912591,23.142958019299,TOWN 欄位不相同;地址中多了 '善化區東昌里';吻合地址超過一個
台南市善化區善化區東昌里東勢寮32號,臺南市佳里區通興里6鄰東勢寮32號,120.15795856807,23.142192119795,TOWN 欄位不相同;地址中多了 '善化區東昌里';吻合地址超過一個
台南市善化區善化區東昌里東勢寮47號,臺南市佳里區通興里6鄰東勢寮47號,120.15644960466,23.14213971525,TOWN 欄位不相同;地址中多了 '善化區東昌里';吻合地址超過一個
台南市善化區善化區東隆里東勢寮204-5號,臺南市善化區東隆里8鄰東勢寮204號,120.31390160206,23.156576979051,地址中多了 '善化區東隆里';找不到號碼完全吻合，找最接近的
台南市善化區善化區溪尾19-1號,臺南市善化區溪美里3鄰溪尾19號,120.28530592917,23.149772207068,地址中多了 '善化區';找不到號碼完全吻合，找最接近的
台南市善化區善化區文昌里文昌路35巷1號,臺南市善化區文昌里8鄰文昌路35巷16號,120.29075334538,23.128296879251,地址中多了 '善化區文昌里';找不到號碼完全吻合，找最接近的
台南市善化區善化區胡厝里胡厝寮194-1號,臺南市善化區胡厝里6鄰胡厝寮194號,120.26976888129,23.144497861601,地址中多了 '善化區胡厝里';找不到號碼完全吻合，找最接近的
台南市善化區善化區胡厝里胡厝寮183號,臺南市善化區胡厝里3鄰胡厝寮183號,120.26934958631,23.144857120986,地址中多了 '善化區胡厝里'
台南市善化區善化區胡家里胡厝寮64-1號,臺南市善化區胡家里13鄰胡厝寮64號,120.27112066094,23.146639727954,地址中多了 '善化區胡家里';找不到號碼完全吻合，找最接近的
台南市善化區善化區胡家里胡厝寮324-3號,臺南市善化區胡家里4鄰胡厝寮324號,120.27220066608,23.143890729808,地址中多了 '善化區胡家里';找不到號碼完全吻合，找最接近的
台南市善化區善化區胡厝里胡厝寮227號,臺南市善化區胡厝里13鄰胡厝寮227號,120.26786973515,23.142536301442,地址中多了 '善化區胡厝里'
台南市善化區善化區胡厝里西衛7-16號,臺南市善化區胡厝里17鄰西衛7號,120.26210590442,23.135693990648,地址中多了 '善化區胡厝里';找不到號碼完全吻合，找最接近的
台南市善化區善化區坐駕里自強路140巷1號,臺南市善化區坐駕里11鄰自強路140巷1號,120.29637283773,23.128892934881,地址中多了 '善化區坐駕里'
台南市善化區善化區坐駕里大成路367巷40弄1號,臺南市善化區坐駕里14鄰大成路367巷40弄1號,120.2992104515,23.127993527607,地址中多了 '善化區坐駕里'
台南市善化區善化區光文里光華路128巷1號,臺南市善化區光文里22鄰光華路128巷1號,120.30326411924,23.135725469244,地址中多了 '善化區光文里'
台南市新市區光華街214巷1號,臺南市新市區新和里30鄰光華街214巷1號,120.29589649911,23.077371579993
台南市新市區光華街234巷1號,臺南市新市區新和里31鄰光華街234巷1號,120.29571987132,23.077741029743
台南市鹽水區中山路3巷1號,臺南市玉井區玉田里26鄰中山路3巷1號,120.46189745714,23.120520221746,TOWN 欄位不相同
台南市鹽水區中山路4巷1號,臺南市鹽水區中境里6鄰中山路4巷1號,120.26732188044,23.32003893281
台南市六甲區中華路99巷1號,臺南市六甲區六甲里30鄰中華路99巷1號,120.34925337713,23.224749438546
台南市新化區新化區崙頂里(崙子頂359號,臺南市新化區崙頂里9鄰崙子頂359號,120.28582848924,23.021327915588,地址中多了 '新化區崙頂里('
台南市官田區隆本里中華路二段83巷2弄1號,臺南市官田區隆本里6鄰中華路二段83巷2弄1號,120.31443393666,23.201509277798
台南市官田區隆本里中華路二段83巷5弄1號,臺南市官田區隆本里9鄰中華路二段83巷5弄1號,120.3143638388,23.201366658617
台南市官田區隆本里中華路二段15巷18弄1號,臺南市官田區隆本里10鄰中華路二段15巷18弄2號,120.31570880543,23.199472318628,找不到號碼完全吻合，找最接近的
台南市新化區中興路104巷1號,臺南市新化區東榮里1鄰中興路104巷3號,120.33515670705,23.026122165684,找不到號碼完全吻合，找最接近的
台南市新化區民族街1號,臺南市關廟區松腳里15鄰民族街1號,120.33349694756,22.957881456213,TOWN 欄位不相同
台南市新化區信義路93巷1號,臺南市新化區東榮里4鄰信義路93巷1號,120.31515827414,23.038037174149
台南市官田區隆本里中華路二段83巷39弄1號,臺南市官田區隆本里8鄰中華路二段83巷39弄32號,120.31307172586,23.200729550418,找不到號碼完全吻合，找最接近的
台南市新化區佳聖大樓(健康路101巷9號,臺南市新化區武安里14鄰健康路101巷9號,120.30500975855,23.033297191646,地址中多了 '佳聖大樓('
台南市新化區巴黎廣場(信義路169號,臺南市新化區東榮里30鄰信義路169號,120.30970938447,23.0352591776,地址中多了 '巴黎廣場('
台南市新化區龍門大廈(大新路111巷1號,臺南市新化區協興里15鄰大新路111巷2號,120.2973035605,23.038428348699,地址中多了 '龍門大廈(';找不到號碼完全吻合，找最接近的
台南市官田區中山路一段55巷1號,臺南市官田區隆田里5鄰中山路一段55巷1號,120.31776051184,23.192492858751
台南市永康區大橋一街139巷1號,臺南市永康區大橋里17鄰大橋一街139巷1號,120.22970953283,23.01817735656
台南市永康區大橋一街223巷1號,臺南市永康區大橋里23鄰大橋一街223巷1號,120.23147266622,23.019382421277
台南市官田區隆本里信義街二段67巷18弄1號,臺南市官田區隆本里25鄰信義街二段67巷18弄1號,120.31330268688,23.195254910817
台南市永康區大橋二街239巷1號,臺南市永康區大橋里12鄰大橋二街239巷1號,120.23022911991,23.021012730937
台南市永康區大橋三街57巷1號,臺南市永康區西橋里24鄰大橋三街57巷2號,120.2252475602,23.018510013229,找不到號碼完全吻合，找最接近的
台南市永康區大橋三街199巷1號,臺南市永康區大橋里5鄰大橋三街199巷1號,120.2277693848,23.020841366931
台南市永康區大橋三街261巷1號,臺南市永康區大橋里7鄰大橋三街261巷5號,120.22927241272,23.022291890269,找不到號碼完全吻合，找最接近的
台南市永康區中華西街85巷1號,臺南市永康區西橋里8鄰中華西街85巷1號,120.22614072237,23.01422948947
台南市永康區中華西街104巷1號,臺南市永康區安康里19鄰中華西街104巷3號,120.22681387046,23.014720496697,找不到號碼完全吻合，找最接近的
台南市永康區中華西街122巷1號,臺南市永康區安康里22鄰中華西街122巷1號,120.22674753875,23.015079030677
台南市官田區隆田里中山路二段137巷1號,臺南市官田區隆田里29鄰中山路二段137巷1號,120.30378258663,23.19519294125
台南市永康區中華西街127巷1號,臺南市永康區西橋里10鄰中華西街127巷1號,120.22592254292,23.0152127085
台南市永康區南工街212巷1號,臺南市永康區二王里46鄰南工街212巷1號,120.23947671013,23.013263955815
台南市永康區二王路40巷1號,臺南市永康區二王里4鄰二王路40巷2號,120.24840693224,23.02073942992,找不到號碼完全吻合，找最接近的
台南市永康區中山南路95巷1號,臺南市永康區安康里9鄰中山南路95巷3號,120.22800390243,23.013130767562,找不到號碼完全吻合，找最接近的
台南市永康區中山南路510巷1號,臺南市永康區二王里30鄰中山南路510巷1號,120.2402536248,23.018018003866
台南市永康區中山南路520巷1號,臺南市永康區二王里30鄰中山南路520巷1號,120.24058470711,23.018039639567
台南市永康區中山南路544巷1號,臺南市永康區二王里29鄰中山南路544巷1號,120.24095530564,23.018391426198
台南市永康區中山南路1116巷1號,臺南市永康區永康里6鄰中山南路1116巷1號,120.25727393811,23.025740391376
台南市玉井區中正路51巷1號,臺南市玉井區玉井里9鄰中正路51巷1號,120.46092244921,23.12458803149
台南市永康區中山北路18巷1號,臺南市永康區永康里5鄰中山北路18巷2號,120.25772129302,23.02593040834,找不到號碼完全吻合，找最接近的
台南市永康區永二街244巷1號,臺南市永康區網寮里8鄰永二街244巷1號,120.25119788172,23.016657834569
台南市永康區永二街288巷1號,臺南市永康區二王里2鄰永二街288巷3號,120.24949165476,23.01866447678,找不到號碼完全吻合，找最接近的
台南市玉井區中正路173巷1號,臺南市玉井區玉田里1鄰中正路173巷2號,120.46320012303,23.125246072602,找不到號碼完全吻合，找最接近的
台南市玉井區中正路209巷1號,臺南市玉井區玉田里2鄰中正路209巷1號,120.46374298297,23.125491647476
台南市玉井區中華路82巷1號,臺南市玉井區玉田里22鄰中華路82巷1號,120.46240157349,23.123084474678
台南市永康區永康街136巷1號,臺南市永康區永康里13鄰永康街136巷3號,120.25789468981,23.023251515807,找不到號碼完全吻合，找最接近的
台南市玉井區中華路151巷1號,臺南市玉井區玉田里8鄰中華路151巷1號,120.46424356898,23.122417350571
台南市玉井區中山路204巷1號,臺南市玉井區玉田里25鄰中山路204巷1號,120.46475298445,23.120212429952
台南市永康區永康街186巷1號,臺南市永康區永康里13鄰永康街186巷17號,120.25854733308,23.022847584422,找不到號碼完全吻合，找最接近的
台南市永康區大橋一街139巷44弄1號,臺南市永康區大橋里18鄰大橋一街139巷44弄3號,120.22900950738,23.019543550389,找不到號碼完全吻合，找最接近的
台南市永康區永華路776巷1號,臺南市永康區永康里30鄰永華路776巷11號,120.26007977397,23.024498159381,找不到號碼完全吻合，找最接近的
台南市永康區中華西街21巷1號,臺南市永康區西橋里4鄰中華西街21巷1號,120.2272580991,23.013133269566
台南市永康區永中街100巷1號,臺南市永康區永康里15鄰永中街100巷2號,120.2581303548,23.024631890453,找不到號碼完全吻合，找最接近的
台南市永康區中山南路644巷1號,臺南市永康區二王里18鄰中山南路644巷1號,120.24295966314,23.019691706376
台南市永康區永中街138巷1號,臺南市永康區永康里19鄰永中街138巷1號,120.25849834681,23.025275751182
台南市永康區大橋三街57巷19弄1號,臺南市永康區西橋里22鄰大橋三街57巷19弄1號,120.22453033976,23.018797632752
台南市玉井區中正路516巷1號,臺南市玉井區竹圍里7鄰中正路516巷86號,120.47029615469,23.129002476034,找不到號碼完全吻合，找最接近的
台南市永康區復興路71巷112弄1號,臺南市永康區建國里30鄰復興路71巷112弄1號,120.24711382082,22.992551163175
台南市永康區王行路866巷1號,臺南市永康區王行里12鄰王行路866巷3號,120.27667017081,23.049722586739,找不到號碼完全吻合，找最接近的
台南市永康區大橋一街103巷1號,臺南市永康區大橋里17鄰大橋一街103巷2號,120.22915790647,23.017996235543,找不到號碼完全吻合，找最接近的
台南市永康區中山南路471巷1號,臺南市永康區東橋里20鄰中山南路471巷2號,120.24839843263,23.023064928949,找不到號碼完全吻合，找最接近的
台南市永康區王行路898巷1號,臺南市永康區王行里11鄰王行路898巷8號,120.27677412909,23.050263969893,找不到號碼完全吻合，找最接近的
台南市永康區忠孝路239巷9弄1號,臺南市永康區中興里1鄰忠孝路239巷9弄1號,120.23955901434,23.004862500017
台南市佳里區中山路310巷7號,臺南市佳里區東寧里4鄰中山路310巷7號,120.1772218025,23.161369359055
台南市永康區勝利街2巷1號,臺南市永康區勝利里1鄰勝利街2巷1號,120.23052987781,23.001665642389,吻合地址超過一個
台南市永康區小東路477巷1號,臺南市永康區中華里20鄰小東路477巷1號,120.23525500553,22.999071945499
台南市永康區忠勇街32巷1號,臺南市永康區中華里7鄰忠勇街32巷2號,120.23831977478,22.999405478455,找不到號碼完全吻合，找最接近的
台南市西港區中山路448巷1號,臺南市西港區西港里2鄰中山路448巷1號,120.20328327536,23.125418674355
台南市永康區中興街45巷1號,臺南市永康區中興里12鄰中興街45巷1號,120.23982373317,23.006590611236
台南市永康區勝利街22巷45弄1號,臺南市永康區勝利里7鄰勝利街22巷45弄1號,120.23180274493,23.001784337309
台南市永康區中華二路88巷1號,臺南市永康區三合里4鄰中華二路88巷1號,120.23980643607,23.00879009757
台南市永康區中華一路58巷1號,臺南市永康區中興里4鄰中華一路58巷1號,120.23764175563,23.004615336803
台南市永康區南工街247巷35弄1號,臺南市永康區三合里10鄰南工街247巷35弄1號,120.23887412169,23.011665158777
台南市永康區大灣路40巷209弄1號,臺南市永康區北灣里38鄰大灣路40巷209弄1號,120.266265179,23.01674112309
台南市學甲區中山路76巷1號,臺南市學甲區新達里4鄰中山路76巷3號,120.18214497058,23.234660935093,找不到號碼完全吻合，找最接近的
台南市永康區大灣五街69巷1號,臺南市永康區西灣里4鄰大灣五街69巷1號,120.26541113473,23.007038090525
台南市永康區大灣路406巷1號,臺南市永康區東灣里6鄰大灣路406巷3號,120.26618274895,23.005089155729,找不到號碼完全吻合，找最接近的
台南市永康區大灣路436巷1號,臺南市永康區東灣里8鄰大灣路436巷1號,120.26593148586,23.004544643297
台南市永康區大灣路1020巷1號,臺南市永康區崑山里11鄰大灣路1020巷1號,120.25309013347,22.999278508841
台南市永康區立興街28巷1號,臺南市永康區東灣里1鄰立興街28巷1號,120.26497867365,23.003747280865
台南市永康區南灣街60巷1號,臺南市永康區南灣里35鄰南灣街60巷1號,120.26386250747,23.004258353711
台南市永康區富強路一段2巷31弄1號,臺南市永康區西勢里30鄰富強路一段2巷31弄1號,120.27309063306,23.013034195424
台南市永康區富強路一段2巷8弄1號,臺南市永康區西勢里18鄰富強路一段2巷8弄1號,120.27240762552,23.013568716826
台南市永康區富強路一段185巷2弄1號,臺南市永康區西勢里20鄰富強路一段185巷2弄1號,120.27380203925,23.017525927272
台南市永康區富強路一段321巷1號,臺南市永康區西勢里6鄰富強路一段321巷2號,120.27504909031,23.020174605275,找不到號碼完全吻合，找最接近的
台南市永康區富強路一段279巷1號,臺南市永康區西勢里7鄰富強路一段279巷3號,120.27502337672,23.019217827143,找不到號碼完全吻合，找最接近的
台南市學甲區民族路45巷1號,臺南市學甲區慈福里12鄰民族路45巷6號,120.18474370293,23.232621234087,找不到號碼完全吻合，找最接近的
台南市永康區廣興街38巷34弄1號,臺南市永康區西勢里28鄰廣興街38巷34弄1號,120.27864248677,23.017692994447
台南市學甲區中山路50巷1號,臺南市學甲區新達里8鄰中山路50巷1號,120.18400520714,23.234437093756
台南市永康區文賢街108巷1號,臺南市永康區北灣里27鄰文賢街108巷1號,120.27213075336,23.009007637296
台南市永康區大灣三街21巷1號,臺南市永康區東灣里18鄰大灣三街21巷2號,120.26849127323,23.00382820106,找不到號碼完全吻合，找最接近的
台南市永康區文賢街78巷1號,臺南市永康區北灣里29鄰文賢街78巷1號,120.27195679358,23.007649234612
台南市永康區中正南路52巷1號,臺南市永康區甲頂里21鄰中正南路52巷1號,120.21635585325,23.020322835994
台南市永康區大灣二街38巷1號,臺南市永康區東灣里22鄰大灣二街38巷1號,120.26746846407,23.002677900009
台南市永康區大灣路40巷1號,臺南市永康區北灣里34鄰大灣路40巷22號,120.27030786973,23.013716359019,找不到號碼完全吻合，找最接近的
台南市永康區大灣三街57巷1號,臺南市永康區東灣里17鄰大灣三街57巷1號,120.26770717587,23.003849771629
台南市永康區南台街89巷1號,臺南市永康區尚頂里29鄰南臺街89巷1號,120.22148039028,23.022695958606
台南市永康區大灣路41巷1號,臺南市永康區北灣里33鄰大灣路41巷1號,120.2714078272,23.012473720714
台南市永康區南台街75巷1號,臺南市永康區尚頂里29鄰南臺街75巷1號,120.22180905045,23.022477962227
台南市永康區蔦松一街35巷1號,臺南市永康區蔦松里3鄰蔦松一街35巷1號,120.25798923147,23.044384722448
台南市永康區和平路212巷1號,臺南市永康區三民里14鄰和平路212巷4號,120.26605405755,23.05576107859,找不到號碼完全吻合，找最接近的
台南市永康區蔦松二街162巷1號,臺南市永康區蔦松里4鄰蔦松二街162巷2號,120.25717847941,23.044597730559,找不到號碼完全吻合，找最接近的
台南市永康區大灣路37巷1號,臺南市永康區北灣里24鄰大灣路37巷10號,120.27188890152,23.012574995312,找不到號碼完全吻合，找最接近的
台南市永康區三民街79巷1號,臺南市永康區三民里2鄰三民街79巷2號,120.24720077531,23.052429707285,找不到號碼完全吻合，找最接近的
台南市永康區大灣五街39巷1號,臺南市永康區西灣里4鄰大灣五街39巷2號,120.26589102282,23.006777175667,找不到號碼完全吻合，找最接近的
台南市永康區洲尾街191巷1號,臺南市永康區塩洲里34鄰洲尾街191巷1號,120.22783375435,23.040453856857
台南市永康區洲尾街225巷1號,臺南市永康區塩洲里26鄰洲尾街225巷1號,120.22826621425,23.041409547927
台南市永康區中正北路71巷1號,臺南市永康區塩行里33鄰中正北路71巷1號,120.23961571979,23.042155052057
台南市永康區永安路165巷30弄1號,臺南市永康區塩行里41鄰永安路165巷30弄1號,120.24359576738,23.045192098703
台南市永康區南台街3巷1號,臺南市永康區尚頂里19鄰南臺街3巷2號,120.22413191634,23.022003726049,找不到號碼完全吻合，找最接近的
台南市永康區新民街66巷1號,臺南市永康區塩行里48鄰新民街66巷1號,120.24240878762,23.040633060923
台南市仁德區太子二街138巷1號,臺南市仁德區土庫里21鄰太子二街138巷2號,120.26335138545,22.989009626833,找不到號碼完全吻合，找最接近的
台南市永康區新民街47巷1號,臺南市永康區塩行里48鄰新民街47巷1號,120.24251138234,23.040171118838
台南市仁德區仁義五街57巷1弄1號,臺南市仁德區仁義里40鄰仁義五街57巷1弄1號,120.25527550327,22.963813744815
台南市仁德區北保東路8巷1號,臺南市仁德區新田里15鄰北保東路8巷1號,120.25278905876,22.954058323066
台南市仁德區義林路241巷1號,臺南市仁德區仁義里16鄰義林路241巷3號,120.26364784828,22.971291511673,找不到號碼完全吻合，找最接近的
台南市仁德區長興路87巷21弄1號,臺南市仁德區太子里14鄰長興路87巷21弄1號,120.25902541231,22.993509170098
台南市仁德區中清路248巷1號,臺南市仁德區一甲里17鄰中清路248巷2號,120.25658347973,22.975214057303,找不到號碼完全吻合，找最接近的
台南市仁德區德安路32巷1號,臺南市仁德區後壁里2鄰德安路32巷1號,120.25273732885,22.952345221184
台南市仁德區長興四街64巷1號,臺南市仁德區太子里21鄰長興四街64巷1號,120.25799834656,22.992470403334
台南市仁德區勝利二街29巷1號,臺南市仁德區新田里5鄰勝利二街29巷1號,120.26754561842,22.953481480398
台南市仁德區民安路2段77號,臺南市仁德區新田里17鄰民安路二段77號,120.25403609656,22.952479924382
台南市仁德區德崙路21巷1號,臺南市仁德區後壁里43鄰德崙路21巷2號,120.2521751359,22.947138345721,找不到號碼完全吻合，找最接近的
台南市仁德區仁和里成功一街35巷1號,臺南市仁德區成功里32鄰成功一街35巷5號,120.22568175816,22.960606342168,VILLAGE 欄位不相同;找不到號碼完全吻合，找最接近的
台南市仁德區北保一街61號-125號,臺南市仁德區新田里11鄰北保一街61號,120.2503409103,22.955288431562
台南市永康區南台街1號,臺南市永康區尚頂里19鄰南臺街1號,120.22546412904,23.023549798794
台南市永康區南灣街87巷1號,臺南市永康區南灣里33鄰南灣街87巷5號,120.26228786787,23.003942825366,找不到號碼完全吻合，找最接近的
台南市永康區永安路165巷109弄1號,臺南市永康區塩行里42鄰永安路165巷109弄1號,120.24372679144,23.044619040765
台南市仁德區仁和里成功二街7巷1號,臺南市仁德區成功里10鄰成功二街7巷2號,120.22883861324,22.959280556752,VILLAGE 欄位不相同;找不到號碼完全吻合，找最接近的
台南市仁德區仁和里成功一街131巷1號,臺南市仁德區成功里24鄰成功一街131巷1號,120.22539829963,22.95851446556,VILLAGE 欄位不相同
台南市仁德區仁和里成功一街67巷1號,臺南市仁德區成功里35鄰成功一街67巷1號,120.22521789751,22.959935751399,VILLAGE 欄位不相同
台南市六甲區中山路206巷1號,臺南市六甲區水林里4鄰中山路206巷11號,120.34690514535,23.232207206143,找不到號碼完全吻合，找最接近的
台南市仁德區仁和里保華路145巷1號,臺南市仁德區成功里8鄰保華路145巷1號,120.2302515601,22.959800914438,VILLAGE 欄位不相同
台南市仁德區二行里行大街341巷1號,臺南市仁德區大甲里10鄰行大街341巷1號,120.21667839384,22.915923245479,VILLAGE 欄位不相同
台南市仁德區二行里行大街172巷1號,臺南市仁德區二行里11鄰行大街172巷2號,120.22030558886,22.91543548857,找不到號碼完全吻合，找最接近的
台南市仁德區二行里行大街285巷1號,臺南市仁德區大甲里4鄰行大街285巷1號,120.2177132036,22.91529947933,VILLAGE 欄位不相同
台南市仁德區上崙里德崙路175巷1號,臺南市仁德區上崙里2鄰德崙路175巷8號,120.25548608435,22.944580380988,找不到號碼完全吻合，找最接近的
台南市仁德區仁和里成功一街43巷1號,臺南市仁德區成功里33鄰成功一街43巷1號,120.22529927411,22.960457733495,VILLAGE 欄位不相同
台南市永康區中正北路19巷1號,臺南市永康區塩行里33鄰中正北路19巷1號,120.23814483625,23.041801216753
台南市永康區南灣街100巷1號,臺南市永康區南灣里39鄰南灣街100巷3號,120.26242431821,23.004699831206,找不到號碼完全吻合，找最接近的
台南市六甲區中山路209巷1號,臺南市六甲區二甲里21鄰中山路209巷1號,120.3469983309,23.231390372464
台南市仁德區二行里行大街422巷1號,臺南市仁德區大甲里20鄰行大街422巷1號,120.21460215253,22.916998878618,VILLAGE 欄位不相同
台南市仁德區二行里二行一路153巷1號,臺南市仁德區二行里2鄰二行一路153巷2號,120.22488296556,22.919327354261,找不到號碼完全吻合，找最接近的
台南市仁德區二空路221號,臺南市仁德區仁愛里1鄰二空路221號,120.22316199556,22.961434496731
台南市仁德區二行里二行一路83巷1號,臺南市仁德區二行里4鄰二行一路83巷1號,120.22395324336,22.917376795404
台南市仁德區保安路一段56巷1號,臺南市仁德區保安里3鄰保安路一段56巷1號,120.2257544959,22.924420691662
台南市歸仁區成功八街1號,臺南市歸仁區崙頂里9鄰成功八街1號,120.29870468965,22.958273982854
台南市仁德區上崙里德善路305巷1號,臺南市仁德區上崙里9鄰德善路305巷1號,120.25876180865,22.94644466392
台南市歸仁區崙頂五街1號,臺南市歸仁區崙頂里14鄰崙頂五街5號,120.29681630847,22.958183265773,找不到號碼完全吻合，找最接近的
台南市歸仁區大智街23巷1號,臺南市歸仁區許厝里29鄰大智街23巷6號,120.29732025353,22.965790731295,找不到號碼完全吻合，找最接近的
台南市歸仁區成功路一段155巷1號,臺南市歸仁區看東里7鄰成功路一段155巷12號,120.30336425338,22.961293303599,找不到號碼完全吻合，找最接近的
台南市歸仁區信義南路101巷1號,臺南市歸仁區許厝里10鄰信義南路101巷2號,120.29950776525,22.963774551316,找不到號碼完全吻合，找最接近的
台南市歸仁區忠孝南路60巷1號,臺南市歸仁區看東里1鄰忠孝南路60巷2號,120.30251046564,22.964284453516,找不到號碼完全吻合，找最接近的
台南市歸仁區信義南路53巷1號,臺南市歸仁區許厝里12鄰信義南路53巷14號,120.29866824694,22.965340849305,找不到號碼完全吻合，找最接近的
台南市仁德區德崙路442巷35弄1號,臺南市仁德區上崙里13鄰德崙路442巷35弄1號,120.2614011992,22.941373197962
台南市歸仁區和平南街89巷1號,臺南市歸仁區許厝里36鄰和平南街89巷1號,120.29621663995,22.964299269064
台南市新化區新化區中正路369巷1號,臺南市新化區武安里5鄰中正路369巷1號,120.30821242706,23.034503129044,地址中多了 '新化區'
台南市永康區洲尾街74巷1號,臺南市永康區塩洲里33鄰洲尾街74巷1號,120.22858622733,23.040300314131
台南市歸仁區大潭二街1號,臺南市歸仁區大潭里18鄰大潭二街2號,120.26999410991,22.911682479135,找不到號碼完全吻合，找最接近的
台南市歸仁區六甲六街1號,臺南市歸仁區六甲里33鄰六甲六街2號,120.2747044647,22.95287322258,找不到號碼完全吻合，找最接近的
台南市歸仁區和平南街126巷1號,臺南市歸仁區新厝里9鄰和平南街126巷1號,120.2956621647,22.964013978307
台南市新化區新化區中山路224巷1號,臺南市新化區護國里1鄰中山路224巷1號,120.30826908766,23.036295598858,地址中多了 '新化區'
台南市新化區新化區中正路542巷1號,臺南市新化區太平里4鄰中正路542巷1號,120.30693005578,23.040096260766,地址中多了 '新化區';吻合地址超過一個
台南市歸仁區六甲二街1號,臺南市歸仁區六甲里29鄰六甲二街2號,120.27623450358,22.952853119641,找不到號碼完全吻合，找最接近的
台南市新化區泰慶大樓(中山路595號,臺南市新化區豐榮里1鄰中山路595號,120.30033353725,23.035994408307,地址中多了 '泰慶大樓(';吻合地址超過一個
台南市歸仁區中正北路一段47巷1號,臺南市歸仁區後市里21鄰中正北路一段47巷2號,120.29425170698,22.968683142932,找不到號碼完全吻合，找最接近的
台南市歸仁區保順路二段66巷1號,臺南市歸仁區媽廟里16鄰保順路二段66巷2號,120.29489892443,22.993478384753,找不到號碼完全吻合，找最接近的
台南市歸仁區保大路一段151巷1號,臺南市歸仁區媽廟里23鄰保大路一段151巷2號,120.29483208219,22.995925288904,找不到號碼完全吻合，找最接近的
台南市歸仁區保大路一段187巷1號,臺南市歸仁區媽廟里12鄰保大路一段187巷6號,120.29333390214,22.996008915229,找不到號碼完全吻合，找最接近的
台南市歸仁區保大路二段122巷1號,臺南市歸仁區西埔里4鄰保大路二段122巷5號,120.28827904361,22.99736366936,找不到號碼完全吻合，找最接近的
台南市歸仁區大廟一街38巷1號,臺南市歸仁區大廟里22鄰大廟一街38巷1號,120.27629144202,22.99627990701
台南市新化區福鎮大樓(中正路580巷2號,臺南市新化區太平里4鄰中正路580巷2號,120.30668962615,23.041184884812,地址中多了 '福鎮大樓('
台南市歸仁區民族北街58巷1號,臺南市歸仁區後市里24鄰民族北街58巷20號,120.29313954933,22.968687218981,找不到號碼完全吻合，找最接近的
台南市關廟區忠孝街1號,臺南市關廟區關廟里2鄰忠孝街1號,120.32650112394,22.960292988437
台南市關廟區東興路250巷1弄1號,臺南市關廟區東勢里4鄰東興路250巷1弄1號,120.33467808122,22.955800040729
台南市關廟區花園一街191巷7弄1號,臺南市關廟區南花里14鄰花園一街191巷7弄5號,120.3341297549,22.960881830999,找不到號碼完全吻合，找最接近的
台南市關廟區東興路250巷1號,臺南市關廟區東勢里4鄰東興路250巷6號,120.3345156355,22.955718086054,找不到號碼完全吻合，找最接近的
台南市北區文賢路1122巷34弄1號,臺南市北區文元里10鄰文賢路1122巷34弄1號,120.19447035496,23.016409130676
台南市北區文賢路313巷56弄1號,臺南市北區大豐里9鄰文賢路313巷56弄1號,120.19188211149,23.007046719702
台南市北區海安路三段53巷1號,臺南市北區安民里6鄰海安路三段53巷1號,120.19890394711,23.002061655798
台南市北區大興街355巷1號,臺南市北區大豐里22鄰大興街355巷1號,120.18572301452,23.010077541699
台南市北區臨安路二段50巷1號,臺南市北區裕民里6鄰臨安路二段50巷1號,120.19676098002,23.00244433405
台南市北區成功路410巷14號,臺南市北區安民里7鄰成功路410巷14號,120.1985556421,23.001115794861
台南市安南區大安街103巷1號,臺南市安南區理想里14鄰大安街103巷1號,120.19235476068,23.032398934014
台南市安南區大安街173巷1號,臺南市安南區理想里16鄰大安街173巷1號,120.19332639448,23.033812672827
台南市安南區本原街三段258巷1號,臺南市安南區淵中里11鄰本原街三段258巷6號,120.17355458312,23.051726467391,找不到號碼完全吻合，找最接近的
台南市安南區安中路三段19巷1號,臺南市安南區溪心里1鄰安中路三段19巷10號,120.18325188879,23.047028113429,找不到號碼完全吻合，找最接近的
台南市永康區中華路619巷22弄1號,臺南市永康區安康里15鄰中華路619巷22弄1號,120.22927435159,23.014380228573
台南市安南區安中路三段407巷1號,臺南市安南區淵中里2鄰安中路三段407巷1號,120.17407434261,23.049599930748
台南市安南區海環街256巷1號,臺南市安南區海西里8鄰海環街256巷7號,120.18191496626,23.037872502372,找不到號碼完全吻合，找最接近的
台南市安南區安中路三段400巷1號,臺南市安南區淵東里10鄰安中路三段400巷1號,120.17439927271,23.049928731283
台南市永康區復興路277巷1號,臺南市永康區復興里3鄰復興路277巷50號,120.24242060245,22.997250496243,找不到號碼完全吻合，找最接近的
台南市安南區大安街194巷1號,臺南市安南區大安里8鄰大安街194巷1號,120.19411238697,23.034026988981
台南市永康區復興路427號,臺南市永康區復興里2鄰復興路427號,120.24063468474,22.995146309409,吻合地址超過一個
台南市永康區復興路423巷1號,臺南市永康區復興里5鄰復興路423巷1號,120.24022556668,22.998028679243
台南市安南區大安街222巷1號,臺南市安南區大安里9鄰大安街222巷1號,120.19450167117,23.034570053549
台南市永康區復興路429巷1號,臺南市永康區復興里2鄰復興路429巷52號,120.24038105033,22.994489321168,找不到號碼完全吻合，找最接近的
台南市永康區復興路282巷1號,臺南市永康區復興里13鄰復興路282巷1號,120.24272368141,22.998821030831
台南市永康區復興路296巷1號,臺南市永康區復興里14鄰復興路296巷5號,120.24241855553,22.998823364413,找不到號碼完全吻合，找最接近的
台南市永康區復興路356巷1號,臺南市永康區復興里15鄰復興路356巷1號,120.2411914568,22.998983013831
台南市安南區府安路五段27巷1號,臺南市安南區溪東里23鄰府安路五段27巷1號,120.20376723103,23.024544159716
台南市永康區中華路154巷1弄1號,臺南市永康區成功里41鄰中華路154巷1弄1號,120.23579240327,23.003812671233
台南市永康區中華路154巷2弄1號,臺南市永康區成功里44鄰中華路154巷2弄2號,120.23567872272,23.003334697487,找不到號碼完全吻合，找最接近的
台南市安南區海佃路一段284巷1號,臺南市安南區溪墘里12鄰海佃路一段284巷1號,120.1915890308,23.026564484317
台南市永康區忠孝路239巷20弄1號,臺南市永康區中興里10鄰忠孝路239巷20弄1號,120.2393507051,23.005236342139
台南市永康區忠孝路207巷1號,臺南市永康區成功里6鄰忠孝路207巷18號,120.23959283438,23.004014548319,找不到號碼完全吻合，找最接近的
台南市安南區府安路4段34巷1號,臺南市安南區溪北里10鄰府安路四段34巷2號,120.2135418792,23.025558265991,找不到號碼完全吻合，找最接近的
台南市永康區中華路154巷18弄1號,臺南市永康區成功里42鄰中華路154巷18弄1號,120.23612672108,23.003443776216
台南市永康區中華路154巷1號,臺南市永康區成功里41鄰中華路154巷3號,120.23571734017,23.003613735539,找不到號碼完全吻合，找最接近的
台南市永康區中華路212巷1號,臺南市永康區中興里22鄰中華路212巷1號,120.2362233585,23.004905143369
台南市安南區怡安路1段447巷1號,臺南市安南區頂安里18鄰怡安路一段447巷8號,120.20526373539,23.042225468197,找不到號碼完全吻合，找最接近的
台南市永康區中華路214巷1號,臺南市永康區中興里5鄰中華路214巷1號,120.23626937147,23.0051876484
台南市永康區中華路216巷12弄1號,臺南市永康區中興里24鄰中華路216巷12弄1號,120.23706913783,23.005659898431
台南市安南區安和路4段101巷1號,臺南市安南區安順里9鄰安和路四段101巷1號,120.21845766906,23.052778949318
台南市永康區中華路216巷1號,臺南市永康區中興里25鄰中華路216巷3號,120.23634212547,23.005987891681,找不到號碼完全吻合，找最接近的
台南市永康區中華路216巷1弄1號,臺南市永康區中興里20鄰中華路216巷1弄1號,120.23693651335,23.006346726259,吻合地址超過一個
台南市永康區中華路216巷35弄1號,臺南市永康區中興里20鄰中華路216巷35弄2號,120.23762465736,23.006408736863,找不到號碼完全吻合，找最接近的
台南市永康區中興街55巷1號,臺南市永康區中興里13鄰中興街55巷1號,120.23979967222,23.006811012563
台南市永康區中興街57巷1號,臺南市永康區中興里13鄰中興街57巷1號,120.23969242089,23.00702812481
台南市永康區中華路286巷1號,臺南市永康區中興里17鄰中華路286巷1號,120.23493252761,23.007534185991
台南市安南區長溪路1段168巷166弄1號,臺南市安南區安慶里4鄰長溪路一段168巷166弄7號,120.21057167215,23.040156527643,找不到號碼完全吻合，找最接近的
台南市安平區漁光路89巷1號,臺南市安平區漁光里2鄰漁光路89巷15號,120.16096521224,22.975263067474,找不到號碼完全吻合，找最接近的
台南市安南區長溪路1段168巷10弄1號,臺南市安南區安慶里4鄰長溪路一段168巷10弄1號,120.21043411005,23.037307839739
台南市永康區信義街62巷1號,臺南市永康區北灣里4鄰信義街62巷1號,120.27247602619,23.010855361566
台南市永康區信義街44巷1號,臺南市永康區北灣里4鄰信義街44巷2號,120.27310541451,23.011058361936,找不到號碼完全吻合，找最接近的
台南市安平區安北路416巷1號,臺南市安平區西門里16鄰安北路416巷1號,120.15262477225,22.999991858477
台南市安平區建平八街551號,臺南市安平區平通里17鄰建平八街551號,120.16863534878,22.991957224025,吻合地址超過一個
台南市永康區民族路273巷13弄1號,臺南市永康區東灣里35鄰民族路273巷13弄1號,120.26927940061,23.00499664736
台南市安平區育平五街77號,臺南市安平區育平里11鄰育平五街77號,120.16748944155,22.990613129406
台南市安平區府平路386巷49號,臺南市安平區育平里30鄰府平路386巷49號,120.1671957418,22.988373841403
台南市中西區友愛街146巷1號,臺南市中西區保安里10鄰友愛街146巷1號,120.19763121706,22.992072504693
台南市中西區保安路125巷1號,臺南市中西區郡西里14鄰保安路125巷1號,120.19482842264,22.990493951641
台南市中西區友愛街309巷1號,臺南市中西區民主里4鄰友愛街309巷1號,120.19549700928,22.992122454228
台南市永康區中正南路168巷1號,臺南市永康區甲頂里6鄰中正南路168巷1號,120.21844690131,23.022337140489
台南市永康區中正南路210巷1號,臺南市永康區尚頂里17鄰中正南路210巷3號,120.2203625157,23.024721963117,找不到號碼完全吻合，找最接近的
台南市永康區中正路635巷1號,臺南市永康區塩行里14鄰中正路635巷5號,120.23714616551,23.040676305733,找不到號碼完全吻合，找最接近的
台南市中西區保安路185巷1號,臺南市中西區民生里18鄰保安路185巷2號,120.19203805755,22.991057177457,找不到號碼完全吻合，找最接近的
台南市中西區正興街77巷1號,臺南市中西區中正里7鄰正興街77巷1號,120.19689328329,22.994128807874
台南市中西區郡西路61巷1號,臺南市中西區郡西里10鄰郡西路61巷2號,120.19432360653,22.990073155213,找不到號碼完全吻合，找最接近的
台南市中西區國華街三段250巷1號,臺南市中西區普濟里10鄰國華街三段250巷2號,120.19970443155,22.999193131326,找不到號碼完全吻合，找最接近的
台南市中西區府前路2段40巷1號,臺南市中西區保安里7鄰府前路二段40巷3號,120.19646780753,22.991015772601,找不到號碼完全吻合，找最接近的
台南市中西區成功路313巷1號,臺南市中西區普濟里10鄰成功路313巷3號,120.20060484519,22.999689549053,找不到號碼完全吻合，找最接近的
台南市中西區友愛街310巷1號,臺南市中西區民主里12鄰友愛街310巷2號,120.19409789981,22.992868816566,找不到號碼完全吻合，找最接近的
台南市永康區中華路912巷59弄1號,臺南市永康區尚頂里20鄰中華路912巷59弄1號,120.22500274183,23.020686703231
台南市中西區國華街三段245巷1號,臺南市中西區普濟里14鄰國華街三段245巷6號,120.19949268414,22.999372302512,找不到號碼完全吻合，找最接近的
台南市中西區和美街1號,臺南市中西區協和里7鄰和美街1號,120.19263839424,23.001193561003
台南市仁德區中正路二段936巷20弄1號,臺南市仁德區仁義里41鄰中正路二段936巷20弄31號,120.2546093876,22.965463330092,找不到號碼完全吻合，找最接近的
台南市中西區文和街9巷1號,臺南市中西區文賢里1鄰文和街9巷1號,120.19321180571,23.004007374957
台南市中西區臨安路1段267巷1號,臺南市中西區協和里8鄰臨安路一段267巷1號,120.19380495097,23.002041561131
台南市仁德區中正路二段994巷1號,臺南市仁德區仁義里42鄰中正路二段994巷2號,120.25353164458,22.966611783042,找不到號碼完全吻合，找最接近的
台南市中西區西門路2段307巷1號,臺南市中西區水仙里13鄰西門路二段307巷1號,120.19961131313,22.996838056285
台南市仁德區中山路328巷1號,臺南市仁德區仁義里20鄰中山路328巷1號,120.25824198146,22.971286449068
台南市中西區海安路二段296巷1號,臺南市中西區普濟里7鄰海安路二段296巷5號,120.19874116277,22.998869588363,找不到號碼完全吻合，找最接近的
台南市北區裕民街72巷1號,臺南市北區三德里5鄰裕民街72巷2號,120.20499674135,22.99989803627,找不到號碼完全吻合，找最接近的
台南市北區自強街1號,臺南市北區五福里13鄰自強街1號,120.20210624845,22.999525113819
台南市北區裕民街84巷1號,臺南市北區三德里4鄰裕民街84巷1號,120.20512432866,23.000147637285
台南市北區勝利路467巷5弄1號,臺南市北區中樓里20鄰勝利路467巷5弄1號,120.21850384783,23.005476626829
台南市北區長北街74巷1號,臺南市北區三德里9鄰長北街74巷2號,120.20444068297,23.001540172193,找不到號碼完全吻合，找最接近的
台南市北區勝利路206巷1號,臺南市北區仁愛里3鄰勝利路206巷1號,120.219067406,23.004420441934
台南市北區長北街58巷1號,臺南市北區三德里10鄰長北街58巷4號,120.20427415418,23.000911561219,找不到號碼完全吻合，找最接近的
台南市北區長北街210巷1號,臺南市北區長德里13鄰長北街210巷1號,120.20595659348,23.004794471389
台南市北區崇安街1號,臺南市北區玉皇里10鄰崇安街2號,120.20566387683,22.999840971903,找不到號碼完全吻合，找最接近的
台南市北區崇安街61巷1號,臺南市北區玉皇里4鄰崇安街61巷2號,120.20685564818,23.000626334984,找不到號碼完全吻合，找最接近的
台南市北區長榮路五段401巷1號,臺南市北區延平里12鄰長榮路五段401巷1號,120.2131645318,23.012977704374
台南市北區崇安街41巷1號,臺南市北區玉皇里4鄰崇安街41巷2號,120.20649342147,23.000451142117,找不到號碼完全吻合，找最接近的
台南市北區長榮路五段383巷1號,臺南市北區光武里4鄰長榮路五段383巷1號,120.21506271958,23.012856731897
台南市北區北門路二段217巷1號,臺南市北區大仁里9鄰北門路二段217巷1號,120.21463545304,23.006973197406
台南市北區長榮路五段378巷1號,臺南市北區實踐里15鄰長榮路五段378巷1號,120.21503417183,23.013322725638
台南市北區北門路二段191巷1號,臺南市北區大仁里9鄰北門路二段191巷1號,120.21434891859,23.006625650931
台南市歸仁區中山路一段319巷1號,臺南市歸仁區許厝里5鄰中山路一段319巷8號,120.30216855397,22.965331819554,找不到號碼完全吻合，找最接近的
台南市歸仁區中山路一段515巷1號,臺南市歸仁區許厝里29鄰中山路一段515巷1號,120.29751492124,22.96614576219
台南市歸仁區中正南路一段153巷1號,臺南市歸仁區新厝里17鄰中正南路一段153巷1號,120.29274183303,22.963386017526
台南市歸仁區中正南路一段131巷1號,臺南市歸仁區新厝里15鄰中正南路一段131巷1號,120.29307407067,22.963687214463
台南市歸仁區中正南路一段76巷1號,臺南市歸仁區辜厝里9鄰中正南路一段76巷1號,120.29343721926,22.964848702254
台南市歸仁區中正南路一段183巷1號,臺南市歸仁區新厝里26鄰中正南路一段183巷2號,120.29177229836,22.962639490578,找不到號碼完全吻合，找最接近的
台南市歸仁區中正南路一段810巷1號,臺南市歸仁區六甲里23鄰中正南路一段810巷1號,120.28176286105,22.955844118375
台南市歸仁區中正南路三段95巷1號,臺南市歸仁區大潭里1鄰中正南路三段95巷3號,120.27188412402,22.914535976024,找不到號碼完全吻合，找最接近的
台南市北區北園街122巷1號,臺南市北區元寶里1鄰北園街122巷1號,120.22306559953,23.013386363815
台南市北區忠義路三段39巷1號,臺南市北區三德里6鄰忠義路三段39巷1號,120.20508324489,22.999467823574
台南市北區小東路189巷1號,臺南市北區東興里2鄰小東路189巷2號,120.22747750754,23.000279824067,找不到號碼完全吻合，找最接近的
台南市北區公園路788巷1號,臺南市北區延平里11鄰公園路788巷1號,120.21148446743,23.011588278241
台南市北區南園街127巷17弄1號,臺南市北區華興里16鄰南園街127巷17弄1號,120.22616454852,23.007367144429
台南市北區勝利路276巷1號,臺南市北區振興里1鄰勝利路276巷1號,120.21896262673,23.005982320751
台南市北區成功路68巷1號,臺南市北區玉皇里16鄰成功路68巷2號,120.20682607715,22.998375336147,找不到號碼完全吻合，找最接近的
台南市歸仁區中山路一段30巷1號,臺南市歸仁區歸仁里28鄰中山路一段30巷1號,120.31322716513,22.963071226318
台南市關廟區和平路186巷9弄1號,臺南市關廟區松腳里11鄰和平路186巷9弄1號,120.33436720443,22.95701281418
台南市北區南園街106巷1號,臺南市北區華興里7鄰南園街106巷2號,120.22533843332,23.007790502145,找不到號碼完全吻合，找最接近的
台南市關廟區中山路一段89巷1號,臺南市關廟區松腳里18鄰中山路一段89巷5號,120.33617877461,22.959283287751,找不到號碼完全吻合，找最接近的
台南市中西區健康路一段296巷1號,臺南市中西區大南里1鄰健康路一段296巷2號,120.20331169352,22.981659168509,找不到號碼完全吻合，找最接近的
台南市安南區顯宮二街55巷1號,臺南市安南區顯宮里7鄰顯宮二街55巷2號,120.12611842219,23.038295681692,找不到號碼完全吻合，找最接近的
台南市安南區城西街一段181巷1號,臺南市安南區城南里5鄰城西街一段181巷2號,120.12651870259,23.060509487341,找不到號碼完全吻合，找最接近的
台南市安南區媽祖宮路159巷1號,臺南市安南區顯宮里1鄰媽祖宮路159巷3號,120.12683893175,23.038134863782,找不到號碼完全吻合，找最接近的
台南市中西區南寧街106巷1號,臺南市中西區進學里1鄰南寧街106巷1號,120.20143442693,22.985269443824
台南市中西區南門路237巷1號,臺南市中西區五妃里4鄰南門路237巷1號,120.20429530017,22.983277436109
台南市中西區南寧街37巷1號,臺南市中西區五妃里9鄰南寧街37巷1號,120.2045832435,22.984331254861
台南市南區中華南路一段26巷1號,臺南市南區大忠里2鄰中華南路一段26巷2號,120.2140151079,22.972498228877,找不到號碼完全吻合，找最接近的
台南市南區中華南路一段19巷1號,臺南市南區大忠里2鄰中華南路一段19巷1號,120.21437529063,22.972037488687
台南市南區中華南路一段53巷1號,臺南市南區大忠里6鄰中華南路一段53巷1號,120.21360850765,22.97172738355
台南市南區國民路60巷1號,臺南市南區大恩里1鄰國民路60巷1號,120.21404540756,22.967578107053
台南市南區中華南路一段41巷1號,臺南市南區大忠里5鄰中華南路一段41巷2號,120.21372110819,22.971767674806,找不到號碼完全吻合，找最接近的
台南市南區國民路116巷9弄1號,臺南市南區大恩里3鄰國民路116巷9弄1號,120.21295911751,22.967918393933
台南市南區大成路一段193巷1號,臺南市南區荔宅里10鄰大成路一段193巷1號,120.1979702256,22.974846978324
台南市南區國民路165巷35弄1號,臺南市南區大恩里18鄰國民路165巷35弄1號,120.21188504886,22.966485929868
台南市南區金華路一段540巷1號,臺南市南區府南里15鄰金華路一段540巷1號,120.19121737201,22.97443159681
台南市南區國民路165巷21弄1號,臺南市南區大恩里17鄰國民路165巷21弄1號,120.21195674688,22.966768208329
台南市南區金華路二段39巷1號,臺南市南區國宅里7鄰金華路二段39巷1號,120.19101958878,22.977283026391
台南市南區明興路1356巷1號,臺南市南區佛壇里9鄰明興路1356巷1號,120.18440010205,22.922379005257
台南市南區金華路二段33巷1號,臺南市南區國宅里6鄰金華路二段33巷1號,120.19099291663,22.976979748704
台南市南區明興路1356巷5弄1號,臺南市南區佛壇里9鄰明興路1356巷5弄1號,120.18432990836,22.922281841161
台南市南區喜樹路168巷1號,臺南市南區喜北里11鄰喜樹路168巷1號,120.17952650823,22.943115692137
台南市南區喜樹路252巷1號,臺南市南區喜南里11鄰喜樹路252巷1號,120.17783679313,22.940454520386
台南市南區灣裡路282巷124弄1號,臺南市南區松安里13鄰灣裡路282巷124弄1號,120.1811542208,22.923768209595
台南市安平區中興街1號,臺南市柳營區中埕里4鄰中興街1號,120.31569328962,23.277188194362,TOWN 欄位不相同;吻合地址超過一個
台南市南區灣裡路400巷1號,臺南市南區同安里10鄰灣裡路400巷2號,120.18271955528,22.924536163363,找不到號碼完全吻合，找最接近的
台南市南區喜樹路96巷1號,臺南市南區喜北里7鄰喜樹路96巷1號,120.17946774388,22.94471209972
台南市南區明興路619巷1號,臺南市南區喜東里10鄰明興路619巷2號,120.18210286998,22.940668273734,找不到號碼完全吻合，找最接近的
台南市南區灣裡路282巷110弄1號,臺南市南區松安里14鄰灣裡路282巷110弄1號,120.18117162404,22.924246447186
台南市南區喜樹路151巷63弄1號,臺南市南區喜東里9鄰喜樹路151巷63弄1號,120.18110165723,22.941136290937
台南市中西區民生路一段157巷1號,臺南市中西區建國里10鄰民生路一段157巷1號,120.20070140647,22.993825601732
台南市中西區民權路二段64巷1號,臺南市中西區三民里16鄰民權路二段64巷1號,120.20488299413,22.994720671405
台南市中西區中正路217巷1號,臺南市中西區保安里11鄰中正路217巷1號,120.19754858079,22.992715076269
台南市中西區中正路193巷1號,臺南市中西區保安里9鄰中正路193巷1號,120.19787993574,22.992633993192
台南市中西區中正路209巷1號,臺南市中西區保安里11鄰中正路209巷1號,120.19768804348,22.992722690658
台南市中西區忠孝街90巷1號,臺南市中西區三合里4鄰忠孝街90巷1號,120.19737750697,22.999879565726
台南市中西區忠孝街78巷1號,臺南市中西區三合里4鄰忠孝街78巷1號,120.19721321729,22.999735876652
台南市中西區忠孝街93巷1號,臺南市中西區三合里8鄰忠孝街93巷2號,120.1973992888,23.000451914617,找不到號碼完全吻合，找最接近的
台南市中西區信義街1號,臺南市中西區三合里6鄰信義街1號,120.19656058978,22.999368473172
台南市中西區民族路3段222巷1號,臺南市中西區協和里3鄰民族路三段222巷2號,120.19423692251,22.999848268519,找不到號碼完全吻合，找最接近的
台南市中西區中正路199巷1號,臺南市中西區保安里11鄰中正路199巷1號,120.19777937663,22.992650189754
台南市中西區信義街60巷1號,臺南市中西區三合里9鄰信義街60巷1號,120.19569890835,23.000124796769
台南市南區灣裡路211巷88弄1號,臺南市南區興農里8鄰灣裡路211巷88弄6號,120.18560912884,22.928120188609,找不到號碼完全吻合，找最接近的
台南市東區崇學路16巷1號,臺南市東區崇學里22鄰崇學路16巷2號,120.22069899726,22.977576387621,找不到號碼完全吻合，找最接近的
台南市中西區大智街29巷1號,臺南市中西區民主里8鄰大智街29巷8號,120.19400868284,22.991631326478,找不到號碼完全吻合，找最接近的
台南市南區灣裡路282巷1號,臺南市南區松安里8鄰灣裡路282巷1號,120.1819878224,22.926677062297
台南市中西區忠孝街1號,臺南市中西區民權里14鄰忠孝街1號,120.19597612499,22.997932752961
台南市中西區忠孝街1號,臺南市中西區民權里14鄰忠孝街1號,120.19597612499,22.997932752961
台南市中西區信義街108巷1號,臺南市中西區三合里15鄰信義街108巷1號,120.19481462326,23.000677732642
台南市東區東興路11巷1號,臺南市東區東明里1鄰東興路11巷2號,120.22838016326,22.990443732684,找不到號碼完全吻合，找最接近的
台南市東區光華街119巷1號,臺南市東區泉南里17鄰光華街119巷2號,120.21730849525,22.985073143161,找不到號碼完全吻合，找最接近的
台南市東區大同路一段45巷1號,臺南市東區大同里2鄰大同路一段45巷1號,120.21163278191,22.988119053183
台南市東區裕豐街161巷1號,臺南市東區新東里17鄰裕豐街161巷1號,120.2270622498,22.987740040808
台南市東區裕豐街163巷1號,臺南市東區新東里17鄰裕豐街163巷2號,120.22668685705,22.987908427979,找不到號碼完全吻合，找最接近的
台南市東區裕豐街185巷26弄1號,臺南市東區崇誨里28鄰裕豐街185巷26弄1號,120.22646043005,22.988396667907
台南市北區自強街146巷1號,臺南市北區五福里1鄰自強街146巷1號,120.20382360493,23.001941982113
台南市東區裕農路19巷32弄1號,臺南市東區新東里11鄰裕農路19巷32弄1號,120.22434896948,22.986198515628
台南市東區東光路一段5巷1號,臺南市東區東光里1鄰東光路一段5巷1號,120.23060283541,22.989669593639
台南市東區富農街二段109巷1號,臺南市東區東聖里3鄰富農街二段109巷1號,120.23539374854,22.987892708511
台南市東區光明街201巷1號,臺南市東區小東里23鄰光明街201巷1號,120.22879866216,22.996136810575
台南市東區富農街二段92巷1號,臺南市東區關聖里1鄰富農街二段92巷3號,120.23594715484,22.987043921455,找不到號碼完全吻合，找最接近的
台南市東區光明街175巷1號,臺南市東區小東里22鄰光明街175巷2號,120.22879781588,22.996955481536,找不到號碼完全吻合，找最接近的
台南市東區富農街二段73巷1號,臺南市東區東聖里6鄰富農街二段73巷2號,120.23533043747,22.986993808943,找不到號碼完全吻合，找最接近的
台南市東區中華東路一段2巷1號,臺南市東區莊敬里11鄰中華東路一段2巷1號,120.23435129088,22.998100447932
台南市東區富農街一段268巷1號,臺南市東區復興里3鄰富農街一段268巷1號,120.23548366241,22.983649314037
台南市北區西門路四段16巷39弄1號,臺南市北區興南里12鄰西門路四段16巷39弄1號,120.20783978158,23.005636661115
台南市東區富農街二段79巷1號,臺南市東區東聖里5鄰富農街二段79巷1號,120.23544864857,22.987080437057
台南市東區富農街一段258巷1號,臺南市東區復興里1鄰富農街一段258巷1號,120.235435281,22.983459717481
台南市中西區健康路一段328巷1號,臺南市中西區大南里2鄰健康路一段328巷1號,120.20226480509,22.981660313813
台南市中西區忠義路一段24巷1號,臺南市中西區大南里13鄰忠義路一段24巷1號,120.20204415423,22.985502612321
台南市中西區永福路一段61巷1號,臺南市中西區仙草里7鄰永福路一段61巷1號,120.19983333249,22.983078520816
台南市東區富農街一段48巷1號,臺南市東區虎尾里5鄰富農街一段48巷1號,120.23454107314,22.978758254961
台南市東區富農街一段188巷1號,臺南市東區復興里7鄰富農街一段188巷1號,120.23502102805,22.981959428709
台南市南區健康路一段391巷16弄1號,臺南市南區大成里6鄰健康路一段391巷16弄1號,120.19956637469,22.980780356404
台南市南區健康路一段391巷18弄1號,臺南市南區大成里7鄰健康路一段391巷18弄1號,120.19935602044,22.980380522821
台南市中西區健康路一段50巷1號,臺南市中西區法華里7鄰健康路一段50巷1號,120.21037614539,22.981676824495
台南市中西區健康路一段100巷1號,臺南市中西區法華里12鄰健康路一段100巷2號,120.20931806054,22.981573842918,找不到號碼完全吻合，找最接近的
台南市中西區健康路一段150巷1號,臺南市中西區法華里21鄰健康路一段150巷1號,120.20768288646,22.981756754618
台南市中西區健康路一段140巷1號,臺南市中西區法華里21鄰健康路一段140巷1號,120.20803475149,22.981626673082
台南市中西區健康路一段160巷1號,臺南市中西區法華里20鄰健康路一段160巷2號,120.2075662252,22.981525360624,找不到號碼完全吻合，找最接近的
台南市中西區健康路一段170巷1弄1號,臺南市中西區法華里23鄰健康路一段170巷1弄2號,120.20684505005,22.98169964706,找不到號碼完全吻合，找最接近的
台南市中西區健康路一段310巷1號,臺南市中西區大南里1鄰健康路一段310巷1號,120.20271758687,22.981751539199
台南市中西區健康路一段410巷1號,臺南市中西區仙草里21鄰健康路一段410巷3號,120.19820308991,22.981710432637,找不到號碼完全吻合，找最接近的
台南市中西區健康路一段390巷1號,臺南市中西區仙草里19鄰健康路一段390巷2號,120.19876688769,22.981581534251,找不到號碼完全吻合，找最接近的
台南市中西區健康路一段420巷1號,臺南市中西區仙草里21鄰健康路一段420巷1號,120.19793509127,22.981675303838
台南市南區健康路一段333巷1號,臺南市南區明德里8鄰健康路一段333巷1號,120.20095542449,22.98025874095
台南市南區健康路一段133巷1號,臺南市南區竹溪里2鄰健康路一段133巷1號,120.20904866949,22.980989963333
台南市南區健康路二段116巷7弄1號,臺南市南區廣州里3鄰健康路二段116巷7弄1號,120.19421590679,22.98190521805
台南市南區健康路二段53巷51弄1號,臺南市南區新興里9鄰健康路二段53巷51弄1號,120.19592646454,22.980473689568
台南市南區大成路二段81巷5弄1號,臺南市南區府南里27鄰大成路二段81巷5弄1號,120.19501824766,22.974667305573
台南市南區大成路二段81巷1號,臺南市南區府南里20鄰大成路二段81巷35號,120.19434437054,22.973907788423,找不到號碼完全吻合，找最接近的
台南市南區大成路二段143巷1號,臺南市南區府南里22鄰大成路二段143巷2號,120.19347765012,22.974651799196,找不到號碼完全吻合，找最接近的
台南市南區大成路二段223巷1弄1號,臺南市南區府南里16鄰大成路二段223巷1弄1號,120.19207688292,22.974688913865
台南市南區大成路二段223巷5弄1號,臺南市南區府南里16鄰大成路二段223巷5弄1號,120.1918119581,22.974516713228
台南市南區西門路一段279巷16弄1號,臺南市南區田寮里22鄰西門路一段279巷16弄1號,120.19667829861,22.97689614863
台南市南區健康路二段234巷1號,臺南市南區文南里7鄰健康路二段234巷1號,120.1909224042,22.981959144313
台南市南區大成路二段177巷28弄1號,臺南市南區府南里18鄰大成路二段177巷28弄1號,120.19279029723,22.974307232264
台南市東區建東街43巷1號,臺南市東區後甲里11鄰建東街43巷1號,120.23684115197,22.990324382317,吻合地址超過一個
台南市東區裕農路771巷1號,臺南市東區後甲里20鄰裕農路771巷2號,120.23826565795,22.989178714237,找不到號碼完全吻合，找最接近的
台南市東區裕農路621巷72弄1號,臺南市東區後甲里8鄰裕農路621巷72弄1號,120.23569134304,22.990645461613
台南市東區裕農路661巷1號,臺南市東區後甲里4鄰裕農路661巷1號,120.2363900929,22.988945737554
台南市東區裕農路621巷1號,臺南市東區後甲里3鄰裕農路621巷2號,120.23563676137,22.989009560675,找不到號碼完全吻合，找最接近的
台南市東區裕農路621巷45弄1號,臺南市東區後甲里14鄰裕農路621巷45弄1號,120.23517152885,22.990722238166
台南市東區裕農路668巷75弄1號,臺南市東區文聖里1鄰裕農路668巷75弄1號,120.23727488565,22.985410886556
台南市東區裕農路668巷1號,臺南市東區南聖里2鄰裕農路668巷2號,120.23642875259,22.988418922056,找不到號碼完全吻合，找最接近的
台南市中西區中山路79巷1號,臺南市中西區三民里9鄰中山路79巷1號,120.20674222237,22.994229903356
台南市中西區中山路82巷1號,臺南市中西區公正里19鄰中山路82巷1號,120.20780551572,22.993657204873
台南市中西區中正路21巷1號,臺南市中西區永華里19鄰中正路21巷1號,120.20324789924,22.991786963642
台南市中西區中正路53巷1號,臺南市中西區永福里7鄰中正路53巷1號,120.20180537554,22.991729495008
台南市中西區民生路一段132巷1號,臺南市中西區建國里16鄰民生路一段132巷1號,120.20078962558,22.994265452894
台南市中西區民生路一段156巷1號,臺南市中西區建國里16鄰民生路一段156巷2號,120.2003990621,22.994268719497,找不到號碼完全吻合，找最接近的
台南市中西區民族路二段317巷1號,臺南市中西區永福里20鄰民族路二段317巷1號,120.20286385396,22.996446295705
台南市中西區民族路二段57巷1號,臺南市中西區公正里9鄰民族路二段57巷1號,120.21015400128,22.993982638481
台南市中西區西門路一段702巷1號,臺南市中西區小西里8鄰西門路一段702巷2號,120.19795867906,22.989457954022,找不到號碼完全吻合，找最接近的
台南市中西區西門路一段734巷1號,臺南市中西區小西里10鄰西門路一段734巷2號,120.19822244737,22.989898333928,找不到號碼完全吻合，找最接近的
台南市中西區西門路二段228巷1號,臺南市中西區建國里22鄰西門路二段228巷2號,120.19952023425,22.995030758343,找不到號碼完全吻合，找最接近的
台南市中西區忠義路二段158巷1號,臺南市中西區三民里23鄰忠義路二段158巷1號,120.20410906558,22.995944702437
台南市中西區忠義路二段233巷1號,臺南市中西區赤嵌里22鄰忠義路二段233巷1號,120.20443374734,22.998063447697
台南市東區裕農路668巷35弄1號,臺南市東區關聖里7鄰裕農路668巷35弄2號,120.23703614516,22.987386897823,找不到號碼完全吻合，找最接近的
台南市東區東興路31巷1號,臺南市東區東明里1鄰東興路31巷1號,120.22840080872,22.990744673498
台南市東區小東路198巷1號,臺南市東區小東里3鄰小東路198巷1號,120.22790776619,22.999526097381
台南市東區小東路198巷6弄1號,臺南市東區小東里25鄰小東路198巷6弄1號,120.22753325213,22.999397307216
台南市東區小東路198巷24弄1號,臺南市東區小東里26鄰小東路198巷24弄1號,120.227556978,22.999084708356
台南市東區小東路198巷40弄1號,臺南市東區小東里27鄰小東路198巷40弄1號,120.22755279966,22.998790485235
台南市東區東興路20巷1號,臺南市東區東光里4鄰東興路20巷1號,120.22886053483,22.990549241205
台南市東區東成街56巷1號,臺南市東區虎尾里16鄰東成街56巷2號,120.23313835263,22.979704521184,找不到號碼完全吻合，找最接近的
台南市東區東興路40巷1號,臺南市東區東光里3鄰東興路40巷1號,120.22909079984,22.991171005728
台南市東區裕學路185巷1號,臺南市東區復興里8鄰裕學路185巷6號,120.23600857948,22.984845456398,找不到號碼完全吻合，找最接近的
台南市東區東門路三段37巷75弄1號,臺南市東區自強里11鄰東門路三段37巷75弄1號,120.23150715615,22.981227418325
台南市東區東門路一段267巷1號,臺南市東區中西里3鄰東門路一段267巷1號,120.21823079765,22.987083205118
台南市東區勝利路12巷1號,臺南市東區中西里4鄰勝利路12巷1號,120.21858486467,22.989843034063
台南市東區東興路314巷1號,臺南市東區小東里19鄰東興路314巷1號,120.23022042942,22.996511886093
台南市東區衛國街106巷17弄1號,臺南市東區新東里7鄰衛國街106巷17弄1號,120.22358205133,22.986696024617
台南市東區東門路二段301巷115弄1號,臺南市東區富強里18鄰東門路二段301巷115弄1號,120.2296601987,22.984313096273
台南市東區衛國街106巷5弄1號,臺南市東區新東里5鄰衛國街106巷5弄1號,120.22356193946,22.986972520228
台南市東區東門路二段301巷90弄1號,臺南市東區富強里5鄰東門路二段301巷90弄2號,120.22898542704,22.983874469595,找不到號碼完全吻合，找最接近的
台南市東區裕農路389巷3弄1號,臺南市東區裕農里25鄰裕農路389巷3弄1號,120.23073276355,22.988221241847
台南市東區東門路二段301巷80弄1號,臺南市東區富強里27鄰東門路二段301巷80弄2號,120.22871067407,22.983961538094,找不到號碼完全吻合，找最接近的
台南市東區裕農路345巷1號,臺南市東區裕農里7鄰裕農路345巷3號,120.22931741382,22.987228539388,找不到號碼完全吻合，找最接近的
台南市東區府連路182巷13弄1號,臺南市東區大同里35鄰府連路182巷13弄3號,120.2126595812,22.984609531786,找不到號碼完全吻合，找最接近的
台南市東區裕農路291巷1號,臺南市東區裕農里3鄰裕農路291巷2號,120.2284385283,22.986800566299,找不到號碼完全吻合，找最接近的
台南市東區中華東路二段22巷1號,臺南市東區富強里3鄰中華東路二段22巷1號,120.23312822649,22.987355571179
台南市東區裕豐街147巷1號,臺南市東區新東里16鄰裕豐街147巷1號,120.22700002934,22.987413296421
台南市東區大同路一段241巷6弄1號,臺南市東區大同里24鄰大同路一段241巷6弄2號,120.21170285689,22.983102879744,找不到號碼完全吻合，找最接近的
台南市東區裕農路288巷70弄1號,臺南市東區富強里27鄰裕農路288巷70弄1號,120.22897617653,22.98579640851
台南市東區大同路一段155巷1號,臺南市東區大同里12鄰大同路一段155巷1號,120.21151071064,22.985339596604
台南市東區裕農路288巷60弄1號,臺南市東區富裕里7鄰裕農路288巷60弄1號,120.22862496585,22.985829826652
台南市東區大同路一段141巷1號,臺南市東區大同里12鄰大同路一段141巷1號,120.21156304091,22.985716956254
台南市東區新樓街37巷1號,臺南市東區東門里10鄰新樓街37巷1號,120.21364603099,22.989947730392
台南市東區衛國街106巷29弄1號,臺南市東區新東里10鄰衛國街106巷29弄1號,120.22376689012,22.986454831274
台南市東區勝利路12巷1號,臺南市東區中西里4鄰勝利路12巷1號,120.21858486467,22.989843034063
台南市東區德光街62巷1號,臺南市東區德光里16鄰德光街62巷1號,120.22192410892,22.980816112831
台南市東區青年路293巷1號,臺南市東區圍下里7鄰青年路293巷1號,120.21357419269,22.991725230186
台南市東區德光街58巷1號,臺南市東區德光里17鄰德光街58巷1號,120.22211784304,22.98104742361
台南市東區長榮路三段30巷1號,臺南市東區大學里14鄰長榮路三段30巷1號,120.22187445401,22.993008493557
台南市東區裕豐街84巷1號,臺南市東區富裕里12鄰裕豐街84巷1號,120.22703917293,22.985110882425
台南市東區長榮路二段32巷46弄1號,臺南市東區東安里9鄰長榮路二段32巷46弄5號,120.2203065243,22.987998074535,找不到號碼完全吻合，找最接近的
台南市東區裕豐街242巷1號,臺南市東區裕農里13鄰裕豐街242巷1號,120.22761010325,22.98887139402
台南市東區長榮路二段32巷1號,臺南市東區東安里5鄰長榮路二段32巷2號,120.21929876485,22.987393238597,找不到號碼完全吻合，找最接近的
台南市東區裕豐街222巷43弄1號,臺南市東區裕農里20鄰裕豐街222巷43弄1號,120.22822317467,22.988534124373
台南市東區長榮路二段24巷1號,臺南市東區東安里6鄰長榮路二段24巷1號,120.21935661097,22.987255994185
台南市東區大同路一段329巷1號,臺南市東區大同里26鄰大同路一段329巷1號,120.2122813234,22.981570087157
台南市東區樹林街一段183巷6弄1號,臺南市東區大同里9鄰樹林街一段183巷6弄1號,120.21251839375,22.986335757376
台南市東區大同路一段275巷1號,臺南市東區大同里25鄰大同路一段275巷1號,120.21174910027,22.982528972295
台南市東區東寧路120巷1號,臺南市東區中西里25鄰東寧路120巷3號,120.2218715964,22.991600767414,找不到號碼完全吻合，找最接近的
台南市東區榮譽街274號,臺南市東區崇學里22鄰榮譽街274號,120.22136556989,22.977086886582
台南市東區東門路二段269巷1號,臺南市東區富裕里1鄰東門路二段269巷1號,120.22597009428,22.984037123168
台南市東區崇德二十六街1號,臺南市東區東智里4鄰崇德二十六街1號,120.22770991278,22.962453516997
台南市東區東門路二段239巷1號,臺南市東區富裕里2鄰東門路二段239巷1號,120.2254319476,22.984441935364
台南市東區崇德二十五街1號,臺南市東區崇文里37鄰崇德二十五街2號,120.2277866276,22.96529226416,找不到號碼完全吻合，找最接近的
台南市東區東門路二段134巷1號,臺南市東區龍山里9鄰東門路二段134巷1號,120.22087788325,22.985685098532
台南市東區崇明四街26巷1號,臺南市東區忠孝里24鄰崇明四街26巷1號,120.21616273249,22.979993971809
台南市東區東門路一段135巷1號,臺南市東區東門里17鄰東門路一段135巷1號,120.21463733247,22.988219218536
台南市東區林森路一段160號,臺南市東區忠孝里26鄰林森路一段160號,120.21535935827,22.981688299957
台南市東區東門路一段131巷1號,臺南市東區東門里17鄰東門路一段131巷1號,120.21431143668,22.988966834902
台南市東區林森路一段158號,臺南市東區忠孝里26鄰林森路一段158號,120.21514910008,22.981702429525
台南市東區育樂街57巷2弄1號,臺南市東區成大里22鄰育樂街57巷2弄6號,120.21623183533,22.99534901647,找不到號碼完全吻合，找最接近的
台南市東區林森路一段156號,臺南市東區忠孝里26鄰林森路一段156號,120.21499666401,22.981651286233
台南市東區育樂街117巷1號,臺南市東區成大里24鄰育樂街117巷2號,120.21494412654,22.995229492294,找不到號碼完全吻合，找最接近的
台南市東區自由路二段175巷38弄1號,臺南市東區和平里22鄰自由路二段175巷38弄2號,120.23654851525,22.974500714876,找不到號碼完全吻合，找最接近的
台南市東區大學路22巷1號,臺南市東區大學里10鄰大學路22巷1號,120.22115974318,22.995788979719
台南市東區中華東路三段551號,臺南市東區崇明里1鄰中華東路三段551號,120.21551329305,22.972373899329
台南市東區大學路18巷1號,臺南市東區大學里8鄰大學路18巷1號,120.2209272044,22.995755598575
台南市東區中華東路三段541號,臺南市東區崇明里1鄰中華東路三段541號,120.21579975904,22.972366828249
台南市東區大學路12巷1號,臺南市東區大學里6鄰大學路12巷1號,120.22041298332,22.995770948459
台南市東區中華東路三段530號,臺南市東區大福里24鄰中華東路三段530號,120.21678112085,22.973062939663
台南市東區大同路一段73巷1號,臺南市東區大同里4鄰大同路一段73巷1號,120.21224121894,22.986871493291
台南市東區中華東路三段509號,臺南市東區崇明里1鄰中華東路三段509號,120.21666116205,22.972640728002
台南市東區大同路一段71巷1號,臺南市東區大同里5鄰大同路一段71巷1號,120.21194087577,22.987113362512
台南市東區德東街16巷1號,臺南市東區東智里7鄰德東街16巷1號,120.2281529875,22.961412233732
台南市東區大同路一段53巷1號,臺南市東區大同里5鄰大同路一段53巷2號,120.21161205314,22.987607030701,找不到號碼完全吻合，找最接近的
台南市東區榮譽街130巷1號,臺南市東區忠孝里37鄰榮譽街130巷1號,120.21887037509,22.975233808439
台南市東區大同路一段51巷1號,臺南市東區大同里3鄰大同路一段51巷1號,120.21163106271,22.987776711551
台南市東區崇德三十二街1號,臺南市東區東智里14鄰崇德三十二街12號,120.22798002652,22.960290111027,找不到號碼完全吻合，找最接近的
台南市南區省躬二街1號,臺南市南區省躬里12鄰省躬二街2號,120.1782145811,22.932704267123,找不到號碼完全吻合，找最接近的
台南市東區崇善十五街50巷1號,臺南市東區大智里19鄰崇善十五街50巷1號,120.23237606884,22.964542464512
台南市南區興南街101巷1號,臺南市南區佛壇里17鄰興南街101巷14號,120.18317550622,22.920470954557,找不到號碼完全吻合，找最接近的
台南市東區崇善十五街42巷1號,臺南市東區大智里19鄰崇善十五街42巷1號,120.23269674817,22.964621586015
台南市南區省躬二街26巷1號,臺南市南區省躬里12鄰省躬二街26巷1號,120.17852698098,22.931972092981
台南市東區崇善十五街1號,臺南市東區大智里20鄰崇善十五街2號,120.23377989293,22.964705476494,找不到號碼完全吻合，找最接近的
台南市南區省躬一街12巷1號,臺南市南區省躬里8鄰省躬一街12巷2號,120.17869674324,22.932986245968,找不到號碼完全吻合，找最接近的
台南市東區城東街1號,臺南市東區德高里13鄰城東街2號,120.23423365383,22.965223112871,找不到號碼完全吻合，找最接近的
台南市南區灣裡路62巷38弄1號,臺南市南區省躬里10鄰灣裡路62巷38弄1號,120.17797206249,22.933617225008
台南市東區長東街143巷1號,臺南市東區大智里14鄰長東街143巷1號,120.22996709226,22.960408765778
台南市南區明興路1425巷14弄1號,臺南市南區同安里16鄰明興路1425巷14弄1號,120.1851906181,22.92083086478
台南市東區長東街141巷1號,臺南市東區大智里13鄰長東街141巷1號,120.23008986291,22.96077057024
台南市南區明興路1425巷8弄1號,臺南市南區同安里17鄰明興路1425巷8弄1號,120.18486085016,22.920761355784
台南市東區立德四路1號,臺南市東區大福里13鄰立德四路1號,120.21494553632,22.975696179127
台南市南區明興路1395巷9弄1號,臺南市南區同安里15鄰明興路1395巷9弄1號,120.18496140203,22.921780747706
台南市東區立德六路1號,臺南市東區大福里17鄰立德六路1號,120.21483434318,22.976255679584
台南市南區灣裡路62巷40弄1號,臺南市南區省躬里16鄰灣裡路62巷40弄1號,120.17773085545,22.933666544645
台南市東區立德五路1號,臺南市東區大福里15鄰立德五路1號,120.21490302699,22.97596425497
台南市南區明興路1365巷22弄1號,臺南市南區同安里14鄰明興路1365巷22弄1號,120.18542523678,22.92189573401
台南市東區立德三路1號,臺南市東區大福里11鄰立德三路1號,120.21500746496,22.975409145764
台南市南區明興路1365巷1號,臺南市南區同安里14鄰明興路1365巷1號,120.18500097006,22.922353103285
台南市東區立德十路46巷1號,臺南市東區大德里7鄰立德十路46巷2號,120.21486563669,22.977709511285,找不到號碼完全吻合，找最接近的
台南市南區明興路1312巷1號,臺南市南區佛壇里7鄰明興路1312巷5號,120.18452535655,22.923489277408,找不到號碼完全吻合，找最接近的
台南市東區立德八路1號,臺南市東區大德里3鄰立德八路1號,120.21414279731,22.976709359785
台南市南區明興路1285巷30弄1號,臺南市南區同安里13鄰明興路1285巷30弄1號,120.18558295675,22.922794956092
台南市東區立德二路1號,臺南市東區大福里7鄰立德二路1號,120.21465922917,22.975050097013
台南市南區明興路1079巷1號,臺南市南區興農里13鄰明興路1079巷6號,120.18542752604,22.929909670328,找不到號碼完全吻合，找最接近的
台南市東區立德九路1號,臺南市東區大德里2鄰立德九路38號,120.2148703194,22.976983418577,找不到號碼完全吻合，找最接近的
台南市南區明興路1055巷18弄1號,臺南市南區興農里13鄰明興路1055巷18弄1號,120.18475183839,22.930572448381
台南市東區立德七路1號,臺南市東區大福里19鄰立德七路1號,120.21478055612,22.976551331824
台南市南區明興路1055巷17弄1號,臺南市南區興農里14鄰明興路1055巷17弄1號,120.18422557338,22.930816629986
台南市東區中華東路三段380巷55弄1號,臺南市東區忠孝里28鄰中華東路三段380巷55弄1號,120.21955272587,22.974763988008
台南市南區明興路883巷1號,臺南市南區省躬里13鄰明興路883巷1號,120.1821936308,22.934583133999
台南市東區立德二路54巷1-22號,臺南市東區大福里5鄰立德二路54巷2號,120.21660460715,22.975024956742,找不到號碼完全吻合，找最接近的
台南市南區喜樹路74巷1號,臺南市南區喜北里5鄰喜樹路74巷1號,120.17947304057,22.945369973569
台南市東區仁和路111巷1號,臺南市東區仁和里5鄰仁和路111巷2號,120.23332687564,22.971129633928,找不到號碼完全吻合，找最接近的
台南市南區喜樹路84巷1號,臺南市南區喜北里6鄰喜樹路84巷1號,120.17947326494,22.945041638466
台南市東區仁和路109巷1號,臺南市東區仁和里3鄰仁和路109巷4號,120.23342033424,22.971400630751,找不到號碼完全吻合，找最接近的
台南市南區喜樹路56巷1號,臺南市南區喜北里3鄰喜樹路56巷1號,120.17946076973,22.946046810137
台南市東區仁和路107巷1號,臺南市東區仁和里1鄰仁和路107巷2號,120.23316914628,22.97163727154,找不到號碼完全吻合，找最接近的
台南市南區喜樹路40巷1號,臺南市南區喜北里2鄰喜樹路40巷1號,120.17948117349,22.946382205087
台南市東區崇德三十街1號,臺南市東區東智里9鄰崇德三十街1號,120.22775515522,22.961114918989
台南市南區鯤鯓路115巷1號,臺南市南區鯤鯓里5鄰鯤鯓路115巷1號,120.17167837443,22.958884965209
台南市東區崇德三十一街1號,臺南市東區東智里13鄰崇德三十一街5號,120.22801890707,22.960707315275,找不到號碼完全吻合，找最接近的
台南市南區興南街184巷1號,臺南市南區佛壇里3鄰興南街184巷3號,120.18137370811,22.921960054774,找不到號碼完全吻合，找最接近的
台南市東區崇德二十七街1號,臺南市東區東智里4鄰崇德二十七街1號,120.22775301978,22.962126381972
台南市南區灣裡路372巷3弄1號,臺南市南區同安里10鄰灣裡路372巷3弄1號,120.18245818262,22.924959687738
台南市東區崇德二十六街1號,臺南市東區東智里4鄰崇德二十六街1號,120.22770991278,22.962453516997
台南市南區灣裡路369巷1號,臺南市南區同安里3鄰灣裡路369巷1號,120.18322549312,22.924491719363
台南市東區崇善路913巷1號,臺南市東區德高里12鄰崇善路913巷1號,120.23371393968,22.965714645076
台南市南區灣裡路351巷12弄1號,臺南市南區同安里5鄰灣裡路351巷12弄1號,120.18382663507,22.924730859264
台南市東區崇善十五街33巷1號,臺南市東區大智里20鄰崇善十五街33巷1號,120.23293511535,22.964339010013
台南市南區灣裡路351巷15弄1號,臺南市南區同安里8鄰灣裡路351巷15弄1號,120.18353478075,22.925084425509
台南市東區長東街108巷1號,臺南市東區東智里8鄰長東街108巷1號,120.22975027817,22.961242104341
台南市南區灣裡路351巷1號,臺南市南區同安里8鄰灣裡路351巷1號,120.18296829712,22.924820539532
台南市東區長東街103巷33弄1號,臺南市東區大智里9鄰長東街103巷33弄1號,120.23064165446,22.962261065447
台南市南區灣裡路333巷4弄1號,臺南市南區同安里9鄰灣裡路333巷4弄1號,120.18301660428,22.925267330404
台南市東區長東街79巷1號,臺南市東區大智里6鄰長東街79巷1號,120.2299430897,22.963252803891
台南市南區灣裡路333巷1號,臺南市南區同安里9鄰灣裡路333巷1號,120.18286219771,22.925280984159
台南市東區東門路3段280巷1號,臺南市東區和平里5鄰東門路三段280巷6號,120.23660730263,22.975700579328,找不到號碼完全吻合，找最接近的
台南市南區興南街2巷1號,臺南市南區同安里6鄰興南街2巷2號,120.18466893943,22.925006994941,找不到號碼完全吻合，找最接近的
台南市東區立德十一路55巷38弄1號,臺南市東區大德里18鄰立德十一路55巷38弄10號,120.21504904921,22.979167617933,找不到號碼完全吻合，找最接近的
台南市南區灣裡路263巷95弄1號,臺南市南區興農里9鄰灣裡路263巷95弄2號,120.18490201827,22.926525081293,找不到號碼完全吻合，找最接近的
台南市東區文東街2巷1號,臺南市東區大智里40鄰文東街2巷1號,120.23284847089,22.960423632431
台南市南區灣裡路263巷73弄1號,臺南市南區興農里7鄰灣裡路263巷73弄1號,120.18437251484,22.926759223761
台南市南區灣裡路282巷91弄1號,臺南市南區松安里11鄰灣裡路282巷91弄1號,120.18145527582,22.92405809531
台南市南區明興路1398巷1號,臺南市南區佛壇里10鄰明興路1398巷1號,120.18427970524,22.921581202234
台南市東區大同路二段449巷2弄1號,臺南市東區崇明里6鄰大同路二段449巷2弄1號,120.21638517523,22.971049872196
台南市南區灣裡路263巷67弄1號,臺南市南區興農里3鄰灣裡路263巷67弄1號,120.18418267764,22.927056334645
台南市東區大同路二段449巷1號,臺南市東區崇明里8鄰大同路二段449巷1號,120.21560235047,22.971018639584
台南市南區灣裡路263巷61弄1號,臺南市南區興農里3鄰灣裡路263巷61弄2號,120.1839660261,22.927109944179,找不到號碼完全吻合，找最接近的
台南市東區大同路二段61巷136弄1號,臺南市東區路東里17鄰大同路二段61巷136弄1號,120.21429250099,22.980065712014
台南市南區灣裡路263巷52弄1號,臺南市南區興農里10鄰灣裡路263巷52弄3號,120.18469650184,22.925825993238,找不到號碼完全吻合，找最接近的
台南市東區大同路二段61巷1號,臺南市東區路東里6鄰大同路二段61巷2號,120.2132929807,22.979467562388,找不到號碼完全吻合，找最接近的
台南市南區灣裡路263巷34弄1號,臺南市南區興農里3鄰灣裡路263巷34弄1號,120.18400545589,22.926630644382
台南市中西區北門路一段123巷1號,臺南市中西區公正里3鄰北門路一段123巷1號,120.21148539506,22.994789973938
台南市南區灣裡路263巷49弄1號,臺南市南區興農里2鄰灣裡路263巷49弄2號,120.18345790851,22.927012244107,找不到號碼完全吻合，找最接近的
台南市中西區衛民街124巷1號,臺南市中西區公正里19鄰衛民街124巷1號,120.2081442223,22.993430525984
台南市南區灣裡路211巷70弄1號,臺南市南區興農里4鄰灣裡路211巷70弄1號,120.18449844301,22.928311074552
台南市中西區衛民街108巷1號,臺南市中西區公正里17鄰衛民街108巷1號,120.2084875554,22.993397204785
台南市南區灣裡路263巷12弄1號,臺南市南區興農里1鄰灣裡路263巷12弄1號,120.18316689023,22.926607549825
台南市中西區新美街1號,臺南市中西區建國里15鄰新美街1號,120.19995555533,22.994417554327
台南市南區灣裡路282巷1號,臺南市南區松安里8鄰灣裡路282巷1號,120.1819878224,22.926677062297
台南市中西區開山路3巷1號,臺南市中西區銀同里16鄰開山路3巷1號,120.20586216675,22.992039117145
台南市南區灣裡路263巷2弄1號,臺南市南區永寧里20鄰灣裡路263巷2弄1號,120.18259233464,22.926566937151
台南市中西區開山路127巷1號,臺南市中西區開山里2鄰開山路127巷1號,120.20813273166,22.988743733726
台南市南區灣裡路88巷93弄1號,臺南市南區省躬里1鄰灣裡路88巷93弄7號,120.17999566503,22.929357957665,找不到號碼完全吻合，找最接近的
台南市中西區青年路47巷1號,臺南市中西區青年里18鄰青年路47巷1號,120.20648362674,22.992514326756
台南市南區灣裡路235巷1號,臺南市南區永寧里18鄰灣裡路235巷1號,120.18206191913,22.927536845731
台南市中西區青年路164巷1號,臺南市中西區萬昌里19鄰青年路164巷1號,120.20988055977,22.991642919043
台南市南區灣裡路227巷1號,臺南市南區永寧里16鄰灣裡路227巷1號,120.18184405651,22.92780807327
台南市中西區青年路137巷1號,臺南市中西區青年里7鄰青年路137巷1號,120.20926155505,22.992084655674
台南市南區省躬一街32巷1號,臺南市南區省躬里7鄰省躬一街32巷1號,120.1789194451,22.932302911635
台南市中西區青年路132巷1號,臺南市中西區萬昌里17鄰青年路132巷3號,120.20921235991,22.991638682201,找不到號碼完全吻合，找最接近的
台南市南區省躬一街2巷1號,臺南市南區省躬里8鄰省躬一街2巷1號,120.17885718683,22.933185558963
台南市中西區府前路一段90巷1號,臺南市中西區萬昌里3鄰府前路一段90巷1號,120.20861829332,22.989173105011
台南市南區灣裡路451巷1號,臺南市南區佛壇里11鄰灣裡路451巷3號,120.18380641619,22.922540394601,找不到號碼完全吻合，找最接近的
台南市中西區府前路一段85巷1號,臺南市中西區開山里6鄰府前路一段85巷4號,120.20931010986,22.988687124914,找不到號碼完全吻合，找最接近的
台南市南區灣裡路282巷117弄1號,臺南市南區佛壇里5鄰灣裡路282巷117弄1號,120.18159262474,22.922826545191
台南市中西區府前路一段61巷1號,臺南市中西區開山里9鄰府前路一段61巷1號,120.21008479255,22.988760250135
台南市南區灣裡路301巷1號,臺南市南區永寧里21鄰灣裡路301巷1號,120.18243630377,22.925876318658
台南市中西區府前路一段122巷1號,臺南市中西區銀同里1鄰府前路一段122巷1號,120.20793125707,22.989290134113
台南市南區灣裡路516巷1號,臺南市南區佛壇里13鄰灣裡路516巷1號,120.18339116311,22.921508818975
台南市中西區永福路二段227巷1號,臺南市中西區天后里1鄰永福路二段227巷1號,120.20198972396,22.996259576148
台南市南區灣裡路506巷1號,臺南市南區佛壇里13鄰灣裡路506巷1號,120.18340092243,22.921783567317
台南市中西區永福路二段197巷1號,臺南市中西區天后里2鄰永福路二段197巷1號,120.20161909075,22.995858305992
台南市南區灣裡路496巷1號,臺南市南區佛壇里12鄰灣裡路496巷5號,120.18321623478,22.922051897542,找不到號碼完全吻合，找最接近的
台南市中西區永福路一段68巷1號,臺南市中西區進學里11鄰永福路一段68巷2號,120.20050654093,22.986912449161,找不到號碼完全吻合，找最接近的
台南市南區灣裡路476巷1號,臺南市南區佛壇里12鄰灣裡路476巷1號,120.18319278429,22.922499944842
台南市中西區永福路一段108巷1號,臺南市中西區進學里14鄰永福路一段108巷1號,120.2004195431,22.988896960353
台南市南區灣裡路88巷1號,臺南市南區省躬里4鄰灣裡路88巷1號,120.18061345627,22.931077963013
台南市中西區永福路一段102巷1號,臺南市中西區進學里14鄰永福路一段102巷1號,120.20035999044,22.988641504341
台南市南區灣裡路88巷52弄1號,臺南市南區省躬里18鄰灣裡路88巷52弄2號,120.17921061557,22.930255563154,找不到號碼完全吻合，找最接近的
台南市中西區大同路一段46巷1號,臺南市中西區開山里12鄰大同路一段46巷2號,120.21100285234,22.987641292947,找不到號碼完全吻合，找最接近的
台南市南區興南街124巷1號,臺南市南區佛壇里4鄰興南街124巷1號,120.18238250001,22.922463176028
台南市中西區大同路一段22巷1號,臺南市中西區開山里11鄰大同路一段22巷2號,120.21113535782,22.988102129223,找不到號碼完全吻合，找最接近的
台南市南區興南街92巷1號,臺南市南區松安里9鄰興南街92巷2號,120.18300276352,22.923267255108,找不到號碼完全吻合，找最接近的
台南市南區喜樹路206巷89弄1號,臺南市南區喜北里13鄰喜樹路206巷89弄1號,120.1777857856,22.943717752733
台南市南區興南街86巷1號,臺南市南區松安里9鄰興南街86巷2號,120.18305354494,22.923398905491,找不到號碼完全吻合，找最接近的
台南市南區喜樹路206巷71弄1號,臺南市南區喜北里13鄰喜樹路206巷71弄1號,120.17790191191,22.943394623522
台南市南區灣裡路448巷1號,臺南市南區松安里9鄰灣裡路448巷2號,120.18310383919,22.923611824973,找不到號碼完全吻合，找最接近的
台南市南區喜樹路206巷84弄1號,臺南市南區喜北里12鄰喜樹路206巷84弄2號,120.17847071457,22.94349518517,找不到號碼完全吻合，找最接近的
台南市南區灣裡路400巷11弄1號,臺南市南區同安里2鄰灣裡路400巷11弄2號,120.1822914969,22.92422548871,找不到號碼完全吻合，找最接近的
台南市南區喜樹路134巷1號,臺南市南區喜北里9鄰喜樹路134巷1號,120.17957069113,22.943776476217
台南市南區灣裡路246巷1號,臺南市南區永寧里10鄰灣裡路246巷3號,120.18172198263,22.927275115443,找不到號碼完全吻合，找最接近的
台南市南區喜樹路118巷1號,臺南市南區喜北里8鄰喜樹路118巷2號,120.17959567579,22.944338642034,找不到號碼完全吻合，找最接近的
台南市南區灣裡路238巷1號,臺南市南區永寧里10鄰灣裡路238巷1號,120.18119743901,22.927315304549
台南市南區喜樹路104巷1號,臺南市南區喜北里8鄰喜樹路104巷1號,120.17953106463,22.944430234916
台南市南區灣裡路218巷1號,臺南市南區永寧里13鄰灣裡路218巷1號,120.18135025126,22.927632238889
台南市南區灣裡路372巷1號,臺南市南區松安里5鄰灣裡路372巷4號,120.18242978621,22.925110435796,找不到號碼完全吻合，找最接近的
台南市南區灣裡路206巷1號,臺南市南區永寧里14鄰灣裡路206巷1號,120.18125766296,22.92803315263
台南市南區灣裡路348巷1號,臺南市南區松安里5鄰灣裡路348巷1號,120.18217466881,22.925368559
台南市南區灣裡路196巷1號,臺南市南區永寧里15鄰灣裡路196巷2號,120.18127709996,22.928367730435,找不到號碼完全吻合，找最接近的
台南市南區灣裡路324巷1號,臺南市南區松安里6鄰灣裡路324巷1號,120.18202132885,22.925821535495
台南市南區灣裡路186巷1號,臺南市南區永寧里15鄰灣裡路186巷1號,120.18131529936,22.928467891416
台南市南區灣裡路282巷30弄1號,臺南市南區松安里7鄰灣裡路282巷30弄6號,120.1811518028,22.926392636986,找不到號碼完全吻合，找最接近的
台南市南區灣裡路162巷1號,臺南市南區永寧里4鄰灣裡路162巷1號,120.18122586631,22.928943862075
台南市南區灣裡路282巷88弄1號,臺南市南區松安里2鄰灣裡路282巷88弄1號,120.18115749872,22.924958403715
台南市南區灣裡路152巷1號,臺南市南區永寧里3鄰灣裡路152巷1號,120.18121098872,22.929294246283
台南市南區灣裡路282巷68弄1號,臺南市南區松安里4鄰灣裡路282巷68弄3號,120.18116077112,22.925289828024,找不到號碼完全吻合，找最接近的
台南市南區灣裡路148巷1號,臺南市南區永寧里3鄰灣裡路148巷1號,120.1811987946,22.929490138096
台南市南區灣裡路282巷36弄1號,臺南市南區松安里7鄰灣裡路282巷36弄2號,120.18120758665,22.926215779737,找不到號碼完全吻合，找最接近的
台南市南區灣裡路136巷1號,臺南市南區省躬里1鄰灣裡路136巷1號,120.1810670821,22.929814635173
台南市南區喜樹路222巷37弄1號,臺南市南區喜南里15鄰喜樹路222巷37弄2號,120.17661681617,22.941335407902,找不到號碼完全吻合，找最接近的
台南市南區灣裡路114巷1號,臺南市南區省躬里3鄰灣裡路114巷1號,120.18076582762,22.930463704614
台南市南區喜樹路222巷29弄1號,臺南市南區喜南里15鄰喜樹路222巷29弄1號,120.17696409059,22.941209884175
台南市南區灣裡路88巷139弄1號,臺南市南區永寧里1鄰灣裡路88巷139弄2號,120.17996689939,22.927852841033,找不到號碼完全吻合，找最接近的
台南市南區喜樹路146巷1號,臺南市南區喜北里10鄰喜樹路146巷1號,120.17953882224,22.943563831968
台南市南區灣裡路88巷3弄1號,臺南市南區省躬里4鄰灣裡路88巷3弄1號,120.18045349672,22.930733358837
台南市南區喜樹路222巷7弄1號,臺南市南區喜南里13鄰喜樹路222巷7弄1號,120.17802917421,22.94093655315
台南市南區灣裡路88巷1號,臺南市南區省躬里4鄰灣裡路88巷1號,120.18061345627,22.931077963013
台南市南區喜樹路222巷6弄1號,臺南市南區喜北里14鄰喜樹路222巷6弄1號,120.17789024211,22.942162669938
台南市南區灣裡路72巷1號,臺南市南區省躬里6鄰灣裡路72巷2號,120.17980148179,22.931750671296,找不到號碼完全吻合，找最接近的
台南市南區喜樹路222巷8弄1號,臺南市南區喜北里14鄰喜樹路222巷8弄1號,120.17779627073,22.942288605208
台南市南區明興路1129巷1號,臺南市南區興農里11鄰明興路1129巷2號,120.18669185934,22.927353206658,找不到號碼完全吻合，找最接近的
台南市南區明興路1129巷1弄1號,臺南市南區興農里12鄰明興路1129巷1弄1號,120.18677417045,22.927658577498
台南市南區明興路943巷1號,臺南市南區省躬里15鄰明興路943巷1號,120.18282776998,22.932709840525
台南市南區明興路1231巷1號,臺南市南區同安里12鄰明興路1231巷1號,120.18553511042,22.924569232119
台南市南區喜樹路222巷92弄1號,臺南市南區喜北里16鄰喜樹路222巷92弄1號,120.17624789415,22.941960727539
台南市南區明興路861巷1號,臺南市南區省躬里13鄰明興路861巷24號,120.18253203772,22.934907886182,找不到號碼完全吻合，找最接近的
台南市南區喜樹路178巷1號,臺南市南區喜北里11鄰喜樹路178巷1號,120.17927099495,22.942947674235
台南市南區喜樹路316巷1號,臺南市南區喜南里1鄰喜樹路316巷1號,120.17825598126,22.939123750348
台南市南區鯤鯓路232巷1號,臺南市南區鯤鯓里12鄰鯤鯓路232巷2號,120.1697121226,22.962735601146,找不到號碼完全吻合，找最接近的
台南市南區喜樹路302巷1號,臺南市南區喜南里9鄰喜樹路302巷1號,120.17804681092,22.939404227426
台南市南區鯤鯓路208巷1號,臺南市南區鯤鯓里16鄰鯤鯓路208巷1號,120.16984074157,22.962177129729
台南市南區喜樹路288巷1號,臺南市南區喜南里9鄰喜樹路288巷1號,120.17795730082,22.939712053292
台南市南區鯤鯓路194巷1號,臺南市南區鯤鯓里17鄰鯤鯓路194巷1號,120.16985837758,22.96179606084
台南市南區喜樹路270巷1號,臺南市南區喜南里10鄰喜樹路270巷1號,120.17782609679,22.94009461337
台南市南區鯤鯓路162巷1號,臺南市南區鯤鯓里21鄰鯤鯓路162巷5號,120.17031246015,22.96086011757,找不到號碼完全吻合，找最接近的
台南市南區喜樹路254巷1號,臺南市南區喜南里11鄰喜樹路254巷1號,120.17780640375,22.940368757101
台南市南區鯤鯓路137巷1號,臺南市南區鯤鯓里8鄰鯤鯓路137巷1號,120.17003971149,22.959885695193
台南市南區喜樹路252巷27弄1號,臺南市南區喜南里14鄰喜樹路252巷27弄1號,120.17728228332,22.940733748728
台南市南區鯤鯓路119巷1號,臺南市南區鯤鯓里5鄰鯤鯓路119巷3號,120.1712570613,22.957934330553,找不到號碼完全吻合，找最接近的
台南市南區金華路二段27巷1號,臺南市南區國宅里5鄰金華路二段27巷1號,120.19092315812,22.976656745998
台南市南區鯤鯓路102巷1號,臺南市南區鯤鯓里3鄰鯤鯓路102巷1號,120.17174436459,22.959705877045
台南市南區金華路二段9巷1號,臺南市南區國宅里2鄰金華路二段9巷1號,120.19084439041,22.975766695171
台南市南區鯤鯓路104巷1號,臺南市南區鯤鯓里9鄰鯤鯓路104巷1號,120.1715941616,22.959711233055
台南市南區金華路二段21巷1號,臺南市南區國宅里4鄰金華路二段21巷1號,120.19088995408,22.976369508576
台南市南區鯤鯓路104巷16弄1號,臺南市南區鯤鯓里4鄰鯤鯓路104巷16弄1號,120.17115710363,22.959951859846
台南市南區金華路二段3巷1號,臺南市南區國宅里1鄰金華路二段3巷1號,120.19023530995,22.975510921761
台南市南區鯤鯓路104巷12弄1號,臺南市南區鯤鯓里4鄰鯤鯓路104巷12弄1號,120.17132716687,22.960063909298
台南市南區新興路439巷4弄1號,臺南市南區日新里13鄰新興路439巷4弄1號,120.18973789469,22.974372298922
台南市南區新都路520巷1弄1號,臺南市南區明亮里3鄰新都路520巷1弄1號,120.19189625935,22.967505238515
台南市南區新興路461巷8弄1號,臺南市南區日新里14鄰新興路461巷8弄1號,120.18930591003,22.973972042031
台南市南區新都路520巷1號,臺南市南區明亮里3鄰新都路520巷11號,120.19193148408,22.967780747151,找不到號碼完全吻合，找最接近的
台南市南區金華路一段352巷34弄1號,臺南市南區明亮里21鄰金華路一段352巷34弄1號,120.19155518312,22.969449044211
台南市南區永成路三段551巷1號,臺南市南區府南里27鄰永成路三段551巷1號,120.1952300213,22.974636098076
台南市南區金華路一段272巷1號,臺南市南區明亮里1鄰金華路一段272巷1號,120.19067599164,22.968080375258
台南市南區永成路三段461巷6弄1號,臺南市南區府南里20鄰永成路三段461巷6弄1號,120.1945364259,22.973606344913
台南市南區金華路一段352巷193弄1號,臺南市南區明亮里13鄰金華路一段352巷193弄1號,120.1947679781,22.967443814492
台南市南區永成路三段357巷1號,臺南市南區府南里10鄰永成路三段357巷2號,120.19511331242,22.970866639462,找不到號碼完全吻合，找最接近的
台南市南區金華路一段352巷75弄1號,臺南市南區明亮里18鄰金華路一段352巷75弄1號,120.19245148783,22.969614348516
台南市南區金華路一段484巷99弄1號,臺南市南區府南里3鄰金華路一段484巷99弄1號,120.19296650808,22.972010319954
台南市南區金華路一段352巷130弄1號,臺南市南區明亮里7鄰金華路一段352巷130弄2號,120.19308385478,22.968572057969,找不到號碼完全吻合，找最接近的
台南市南區中華南路二段233巷31弄1號,臺南市南區建南里15鄰中華南路二段233巷31弄1號,120.18993539078,22.960458581937
台南市南區新都路436巷1號,臺南市南區明亮里12鄰新都路436巷39號,120.19375316692,22.967727893239,找不到號碼完全吻合，找最接近的
台南市南區金華路二段51巷1號,臺南市南區金華里1鄰金華路二段51巷2號,120.19102737476,22.978088463619,找不到號碼完全吻合，找最接近的
台南市南區新都路488巷1號,臺南市南區明亮里8鄰新都路488巷1號,120.19249362613,22.967396308087
台南市南區國民路165巷7弄1號,臺南市南區大恩里17鄰國民路165巷7弄2號,120.21203779539,22.966867401243,找不到號碼完全吻合，找最接近的
台南市南區金華路一段352巷88弄1號,臺南市南區明亮里22鄰金華路一段352巷88弄1號,120.19238938252,22.969217789477
台南市南區國民路158巷1號,臺南市南區大恩里4鄰國民路158巷2號,120.21210859559,22.967607595403,找不到號碼完全吻合，找最接近的
台南市南區中華南路一段33巷1號,臺南市南區大忠里4鄰中華南路一段33巷2號,120.21384343001,22.971931366363,找不到號碼完全吻合，找最接近的
台南市南區永成路三段240巷1號,臺南市南區郡南里24鄰永成路三段240巷1號,120.19573114591,22.966146374466
台南市南區中華南路一段27巷1號,臺南市南區大忠里3鄰中華南路一段27巷2號,120.21400077075,22.971941899102,找不到號碼完全吻合，找最接近的
台南市南區永成路三段461巷2弄1號,臺南市南區府南里30鄰永成路三段461巷2弄1號,120.19487988966,22.972966678595
台南市南區大同路二段482巷72弄1號,臺南市南區大林里6鄰大同路二段482巷72弄1號,120.21281463319,22.972963737784
台南市南區國華街一段22巷1號,臺南市南區新興里1鄰國華街一段22巷1號,120.19661010039,22.982327612024
台南市中西區南門路187巷1號,臺南市中西區五妃里18鄰南門路187巷1號,120.20469162399,22.985493436707
台南市南區金華路一段530巷10弄1號,臺南市南區府南里15鄰金華路一段530巷10弄1號,120.1914409136,22.973969852357
台南市中西區南門路209巷1號,臺南市中西區五妃里14鄰南門路209巷1號,120.20441638658,22.985060685088
台南市南區金華路一段484巷127弄1號,臺南市南區府南里8鄰金華路一段484巷127弄1號,120.19332920226,22.971170827474
台南市中西區南門路227巷1號,臺南市中西區五妃里7鄰南門路227巷2號,120.20428411993,22.984013968983,找不到號碼完全吻合，找最接近的
台南市南區金華路一段484巷121弄1號,臺南市南區府南里8鄰金華路一段484巷121弄1號,120.19318658318,22.971424390562
台南市中西區南門路231巷1號,臺南市中西區五妃里4鄰南門路231巷1號,120.20440258681,22.983669973414
台南市南區金華路一段154巷1號,臺南市南區明興里7鄰金華路一段154巷1號,120.19016814795,22.965159691463
台南市中西區南門路245巷1號,臺南市中西區五妃里2鄰南門路245巷1號,120.20420368794,22.982243746691
台南市南區金華路二段399巷1號,臺南市南區文華里4鄰金華路二段399巷1號,120.19162464711,22.986789059087
台南市中西區南門路259巷1號,臺南市中西區五妃里1鄰南門路259巷1號,120.20407694333,22.981853278737
台南市南區金華路二段345巷44弄1號,臺南市南區文華里12鄰金華路二段345巷44弄1號,120.19041508818,22.985995999032
台南市中西區五妃街322巷1號,臺南市中西區仙草里3鄰五妃街322巷2號,120.19839878709,22.982841995924,找不到號碼完全吻合，找最接近的
台南市南區金華路二段345巷8弄1號,臺南市南區文華里8鄰金華路二段345巷8弄1號,120.19123352954,22.985922609632
台南市中西區南寧街83巷1號,臺南市中西區仙草里13鄰南寧街83巷1號,120.19848237668,22.984857674355
台南市南區金華路二段345巷26弄1號,臺南市南區文華里9鄰金華路二段345巷26弄1號,120.19081637369,22.985924272617
台南市中西區南寧街136巷1號,臺南市中西區進學里5鄰南寧街136巷1號,120.20083907164,22.985249556116
台南市南區大德街1號,臺南市新營區王公里32鄰大德街1號,120.31727893922,23.316940258373,TOWN 欄位不相同;吻合地址超過一個
台南市中西區南寧街120巷1號,臺南市中西區進學里4鄰南寧街120巷1號,120.20113880759,22.985279331781
台南市南區大德街141巷1號,臺南市南區新昌里21鄰大德街141巷1號,120.19586021816,22.986557766906
台南市安南區媽祖宮路137巷1號,臺南市安南區顯宮里2鄰媽祖宮路137巷6號,120.12716101791,23.038269381802,找不到號碼完全吻合，找最接近的
台南市南區新興路161巷1號,臺南市南區田寮里9鄰新興路161巷2號,120.19495506159,22.9774644318,找不到號碼完全吻合，找最接近的
台南市安南區城西街三段484巷1號,臺南市安南區城西里2鄰城西街三段484巷7號,120.09429504269,23.057030687211,找不到號碼完全吻合，找最接近的
台南市南區新興路113巷35弄1號,臺南市南區田寮里11鄰新興路113巷35弄1號,120.19626162067,22.977992372365
台南市安南區城北路112巷1號,臺南市安南區城東里9鄰城北路112巷5號,120.13182455347,23.063936731774,找不到號碼完全吻合，找最接近的
台南市南區新興路113巷1號,臺南市南區田寮里11鄰新興路113巷1號,120.19583619258,22.978407136056
台南市安南區城西街二段263巷1號,臺南市安南區城南里13鄰城西街二段263巷2號,120.11862601332,23.057979447049,找不到號碼完全吻合，找最接近的
台南市南區新興路93巷1號,臺南市南區田寮里15鄰新興路93巷1號,120.19621490681,22.978701091735
台南市安南區城西街一段215巷1號,臺南市安南區城南里5鄰城西街一段215巷11號,120.12633813974,23.060302606893,找不到號碼完全吻合，找最接近的
台南市安南區城西街一段194巷1號,臺南市安南區城南里5鄰城西街一段194巷10號,120.12602383644,23.060828849615,找不到號碼完全吻合，找最接近的
台南市南區大同路二段186巷1號,臺南市南區新生里2鄰大同路二段186巷1號,120.21338139799,22.976846363434
台南市安南區城西街一段61巷28弄1號,臺南市安南區城南里2鄰城西街一段61巷28弄6號,120.12866294589,23.061447793933,找不到號碼完全吻合，找最接近的
台南市南區大同路二段164巷1號,臺南市南區新生里6鄰大同路二段164巷1號,120.21314824017,22.977633268844
台南市安南區城西街一段61巷27弄1號,臺南市安南區城中里6鄰城西街一段61巷27弄2號,120.1290911448,23.061341198675,找不到號碼完全吻合，找最接近的
台南市南區大同路二段136巷1號,臺南市南區新生里10鄰大同路二段136巷1號,120.21277078699,22.978799085284
台南市安南區城北路98巷6弄1號,臺南市安南區城北里2鄰城北路98巷6弄6號,120.13159945632,23.063263351484,找不到號碼完全吻合，找最接近的
台南市南區大同路二段112巷1號,臺南市南區新生里14鄰大同路二段112巷1號,120.21238331776,22.979723113283
台南市南區大同路二段100巷1號,臺南市南區新生里20鄰大同路二段100巷1號,120.21203316622,22.980719657237
台南市安南區安中路六段597巷1號,臺南市安南區城中里7鄰安中路六段597巷6號,120.12948758697,23.062129980582,找不到號碼完全吻合，找最接近的
台南市中西區府緯街9巷1號,臺南市中西區仙草里11鄰府緯街9巷1號,120.19965948142,22.983583962833
台南市安南區安中路六段581巷1號,臺南市安南區城中里2鄰安中路六段581巷6號,120.12974332626,23.061825689343,找不到號碼完全吻合，找最接近的
台南市中西區府緯街4巷1號,臺南市中西區仙草里10鄰府緯街4巷1號,120.19957284331,22.984201638241
台南市安南區安中路六段578巷1號,臺南市安南區城北里5鄰安中路六段578巷16號,120.13025331883,23.062279903241,找不到號碼完全吻合，找最接近的
台南市中西區樹林街二段125巷1號,臺南市中西區大南里14鄰樹林街二段125巷1號,120.20268221584,22.985667824787
台南市安南區安中路六段554巷1號,臺南市安南區城北里6鄰安中路六段554巷16號,120.13066385299,23.061993023124,找不到號碼完全吻合，找最接近的
台南市中西區大同路一段238巷1號,臺南市中西區法華里4鄰大同路一段238巷1號,120.21133679035,22.98191585018
台南市北區小北路27巷1號,臺南市北區國姓里7鄰小北路27巷1號,120.20731073582,23.006797364794
台南市中西區法華街1號,臺南市中西區法華里1鄰法華街1號,120.21080498246,22.984497543311
台南市北區佑民街1號,臺南市北區玉皇里15鄰佑民街2號,120.20558539284,22.998517754434,找不到號碼完全吻合，找最接近的
台南市南區國民路217巷24弄1號,臺南市南區大恩里20鄰國民路217巷24弄1號,120.21040322628,22.966708556396
台南市北區勝利路467巷1號,臺南市北區中樓里20鄰勝利路467巷2號,120.21844862765,23.005816880996,找不到號碼完全吻合，找最接近的
台南市南區國民路217巷12弄1號,臺南市南區大恩里15鄰國民路217巷12弄1號,120.21054978486,22.96726491276
台南市北區勝利路262巷1號,臺南市北區振興里2鄰勝利路262巷1號,120.21916272745,23.005705630641
台南市南區國民路217巷6弄1號,臺南市南區大恩里15鄰國民路217巷6弄1號,120.21063719898,22.967544109424
台南市北區東豐路451巷1弄1號,臺南市北區重興里8鄰東豐路451巷1弄1號,120.22676540662,23.002597551848
台南市南區國民路217巷1號,臺南市南區大恩里15鄰國民路217巷1號,120.21080157551,22.967618433277
台南市北區東豐路227巷1號,臺南市北區仁愛里8鄰東豐路227巷1號,120.22055515596,23.003541372138
台南市南區大同路二段750巷164弄1號,臺南市南區大恩里19鄰大同路二段750巷164弄1號,120.21045456769,22.965911267013
台南市北區開南街165巷6弄1號,臺南市北區重興里13鄰開南街165巷6弄1號,120.22637209824,23.005627686729
台南市南區大同路二段750巷134弄1號,臺南市南區大恩里14鄰大同路二段750巷134弄1號,120.21130841709,22.965982158919
台南市北區開南街143巷28弄1號,臺南市北區重興里14鄰開南街143巷28弄1號,120.22629323763,23.00637084435
台南市南區大同路二段750巷40弄1號,臺南市南區大恩里8鄰大同路二段750巷40弄1號,120.21442711513,22.966056336345
台南市北區長榮路五段187巷1號,臺南市北區新勝里15鄰長榮路五段187巷1號,120.21998737289,23.011902295007
台南市南區大同路二段726巷1號,臺南市南區大恩里5鄰大同路二段726巷1號,120.21563194779,22.96646351175
台南市北區長榮路四段114巷1號,臺南市北區振興里14鄰長榮路四段114巷1號,120.22235998444,23.005849411205
台南市南區大同路二段712巷1號,臺南市南區大恩里5鄰大同路二段712巷1號,120.21565383233,22.966676280799
台南市北區長榮路四段105巷1號,臺南市北區振興里12鄰長榮路四段105巷1號,120.22217018532,23.00519785683
台南市南區大同路二段704巷1號,臺南市南區大恩里6鄰大同路二段704巷2號,120.21556990466,22.967126381399,找不到號碼完全吻合，找最接近的
台南市北區長榮路四段102巷1號,臺南市北區振興里15鄰長榮路四段102巷2號,120.2226441321,23.005476055129,找不到號碼完全吻合，找最接近的
台南市南區國民路50巷1號,臺南市南區大恩里1鄰國民路50巷1號,120.21429383481,22.9676209674
台南市北區公園路772巷1號,臺南市北區延平里7鄰公園路772巷2號,120.21124258792,23.01105998497,找不到號碼完全吻合，找最接近的
台南市南區大同路二段640巷35弄1號,臺南市南區大恩里1鄰大同路二段640巷35弄1號,120.21395541163,22.968351456907
台南市北區公園路758巷1號,臺南市北區延平里7鄰公園路758巷1號,120.2112014718,23.010833214269
台南市南區體育路43巷1號,臺南市南區竹溪里4鄰體育路43巷1號,120.20729164567,22.979458339712
台南市北區公園路746巷1號,臺南市北區延平里4鄰公園路746巷7號,120.2106584234,23.009019606311,找不到號碼完全吻合，找最接近的
台南市南區公英四街1號,臺南市南區大忠里13鄰公英四街1號,120.21386492112,22.969749782674
台南市北區公園路681巷6弄1號,臺南市北區正覺里19鄰公園路681巷6弄5號,120.21404865283,23.016865953134,找不到號碼完全吻合，找最接近的
台南市南區公英一街1號,臺南市南區大忠里3鄰公英一街3號,120.21487610145,22.970968358719,找不到號碼完全吻合，找最接近的
台南市北區公園路634巷9弄1號,臺南市北區延平里2鄰公園路634巷9弄1號,120.21058583088,23.008200753632
台南市南區大同路二段640巷1號,臺南市南區大恩里1鄰大同路二段640巷1號,120.21528182176,22.968665775619
台南市北區公園路663巷1號,臺南市北區正覺里18鄰公園路663巷7號,120.21334500052,23.016039723379,找不到號碼完全吻合，找最接近的
台南市南區大同路二段620巷1號,臺南市南區大忠里17鄰大同路二段620巷1號,120.21523107062,22.969179612529
台南市北區公園路516巷1號,臺南市北區興北里10鄰公園路516巷1號,120.21040213133,23.006527006326
台南市南區大同路二段482巷155弄1號,臺南市南區大忠里27鄰大同路二段482巷155弄2號,120.21005790391,22.973154377915,找不到號碼完全吻合，找最接近的
台南市北區公園路487巷1號,臺南市北區六甲里1鄰公園路487巷1號,120.21012347449,23.009051162782
台南市中西區南門路68巷1號,臺南市中西區大南里3鄰南門路68巷2號,120.20352886646,22.98211267043,找不到號碼完全吻合，找最接近的
台南市北區公園路295巷1號,臺南市北區興南里2鄰公園路295巷1號,120.20936426563,23.002886839126
台南市中西區南門路48巷1號,臺南市中西區大南里8鄰南門路48巷1號,120.20386802333,22.985167105498
台南市北區公園路239巷1號,臺南市北區玉皇里8鄰公園路239巷1號,120.20785534522,23.000329460743
台南市中西區南門路44巷1號,臺南市中西區大南里10鄰南門路44巷1號,120.2038460133,22.985494427919
台南市北區開元路394巷1號,臺南市北區國興里10鄰開元路394巷5號,120.22525937854,23.0101552018,找不到號碼完全吻合，找最接近的
台南市南區大同路二段750巷74弄1號,臺南市南區大恩里9鄰大同路二段750巷74弄1號,120.21346962426,22.965829718349
台南市北區開元路342巷1號,臺南市北區國興里2鄰開元路342巷5號,120.22426233085,23.009350790767,找不到號碼完全吻合，找最接近的
台南市南區公英六街1號,臺南市南區大忠里15鄰公英六街1號,120.21423144143,22.969237421309
台南市北區開元路166巷1號,臺南市北區振興里4鄰開元路166巷1號,120.22002057473,23.007026182432
台南市南區中華南路一段97巷1號,臺南市南區大忠里24鄰中華南路一段97巷1號,120.21261425875,22.971071915043
台南市北區開元路148巷1號,臺南市北區振興里3鄰開元路148巷7號,120.21963864879,23.006691359335,找不到號碼完全吻合，找最接近的
台南市中西區南寧街1號,臺南市中西區五妃里8鄰南寧街1號,120.20550979443,22.984414284524
台南市北區開元路90巷1號,臺南市北區中樓里14鄰開元路90巷1號,120.21761336258,23.006116078855
台南市中西區永福路一段24巷1號,臺南市中西區進學里6鄰永福路一段24巷1號,120.20039064626,22.985710558144
台南市北區開元路73巷54弄1號,臺南市北區勝安里5鄰開元路73巷54弄1號,120.21790665722,23.007306074825
台南市安南區安中路六段519巷1號,臺南市安南區城中里3鄰安中路六段519巷3號,120.13065447793,23.0612041159,找不到號碼完全吻合，找最接近的
台南市北區開元路68巷3弄1號,臺南市北區中樓里13鄰開元路68巷3弄1號,120.21734215394,23.005511886431
台南市安南區安中路六段429巷1號,臺南市安南區城北里10鄰安中路六段429巷5號,120.13313665492,23.06079406363,找不到號碼完全吻合，找最接近的
台南市北區開元路63巷7弄1號,臺南市北區勝安里3鄰開元路63巷7弄2號,120.21614143268,23.007051546031,找不到號碼完全吻合，找最接近的
台南市安南區安興街156巷1號,臺南市安南區公塭里7鄰安興街156巷5號,120.16153102831,23.068587149567,找不到號碼完全吻合，找最接近的
台南市北區公園南路233巷1號,臺南市北區三德里9鄰公園南路233巷2號,120.20509086858,23.001797093122,找不到號碼完全吻合，找最接近的
台南市安南區安興街702巷1號,臺南市安南區南興里8鄰安興街702巷3號,120.15570050299,23.073689282605,找不到號碼完全吻合，找最接近的
台南市北區公園南路222巷1號,臺南市北區長德里4鄰公園南路222巷5號,120.20548259381,23.002265645426,找不到號碼完全吻合，找最接近的
台南市安南區安興街120巷1號,臺南市安南區公塭里5鄰安興街120巷10號,120.16198243862,23.069051698734,找不到號碼完全吻合，找最接近的
台南市北區公園南路152巷1號,臺南市北區長德里1鄰公園南路152巷1號,120.20661592109,23.001788666551
台南市安南區安興街43巷1號,臺南市安南區公塭里2鄰安興街43巷2號,120.16421681779,23.069712517679,找不到號碼完全吻合，找最接近的
台南市北區公園南路131巷1號,臺南市北區玉皇里5鄰公園南路131巷3號,120.20761594475,23.001119934898,找不到號碼完全吻合，找最接近的
台南市安南區公學路五段363巷1號,臺南市安南區公塭里6鄰公學路五段363巷2號,120.1642843497,23.070992423932,找不到號碼完全吻合，找最接近的
台南市北區公園南路121巷1號,臺南市北區玉皇里5鄰公園南路121巷1號,120.20783076909,23.000980500675
台南市安南區公學路六段672巷1號,臺南市安南區學東里11鄰公學路六段672巷2號,120.1430180771,23.079029838142,找不到號碼完全吻合，找最接近的
台南市北區公園南路96巷1號,臺南市北區長德里1鄰公園南路96巷1號,120.20721460836,23.001761774798
台南市安南區公學路六段660巷1號,臺南市安南區學東里11鄰公學路六段660巷3號,120.1433066205,23.078992402941,找不到號碼完全吻合，找最接近的
台南市北區公園南路23巷1號,臺南市北區公園里4鄰公園南路23巷2號,120.21195379499,22.999828144265,找不到號碼完全吻合，找最接近的
台南市安南區公學路六段642巷1號,臺南市安南區學東里9鄰公學路六段642巷8號,120.14389148611,23.078968303326,找不到號碼完全吻合，找最接近的
台南市北區公園南路7巷1號,臺南市北區公園里4鄰公園南路7巷1號,120.21239165142,22.999897596733
台南市安南區公學路六段490巷1號,臺南市安南區學東里8鄰公學路六段490巷11號,120.14732727294,23.078716891014,找不到號碼完全吻合，找最接近的
台南市北區東豐路559巷1號,臺南市北區東興里5鄰東豐路559巷1號,120.2279674407,23.00107343581
台南市安南區公學路六段458巷1號,臺南市安南區學東里8鄰公學路六段458巷17號,120.14810831291,23.078769776405,找不到號碼完全吻合，找最接近的
台南市北區東豐路227巷24弄1號,臺南市北區仁愛里10鄰東豐路227巷24弄1號,120.22074540826,23.004384098816
台南市安南區公學路五段697巷1號,臺南市安南區南興里11鄰公學路五段697巷2號,120.15915539143,23.075302039443,找不到號碼完全吻合，找最接近的
台南市北區東豐路143巷1號,臺南市北區中樓里16鄰東豐路143巷1號,120.21793841665,23.003877125479
台南市安南區大眾六街126巷1號,臺南市安南區四草里2鄰大眾六街126巷3號,120.12650617342,23.019016009061,找不到號碼完全吻合，找最接近的
台南市北區東豐路133巷1號,臺南市北區中樓里7鄰東豐路133巷1號,120.21751504506,23.003847311627
台南市安南區大眾六街42巷1號,臺南市安南區四草里4鄰大眾六街42巷2號,120.12781484496,23.017599224147,找不到號碼完全吻合，找最接近的
台南市北區東豐路85巷1號,臺南市北區中樓里8鄰東豐路85巷2號,120.21640596265,23.004064872279,找不到號碼完全吻合，找最接近的
台南市安南區北汕尾二路800巷1號,臺南市安南區鹿耳里1鄰北汕尾二路800巷1號,120.12834906801,23.036320133
台南市北區東豐路67巷1號,臺南市北區中樓里6鄰東豐路67巷3號,120.21568430497,23.004236033067,找不到號碼完全吻合，找最接近的
台南市北區長榮路四段183巷1號,臺南市北區振興里6鄰長榮路四段183巷1號,120.22114588516,23.006414962412
台南市安南區北汕尾二路550巷1號,臺南市安南區鹿耳里8鄰北汕尾二路550巷1號,120.12715297338,23.031535638289
台南市北區長榮路四段98巷1號,臺南市北區振興里15鄰長榮路四段98巷1號,120.22270007821,23.005381874387
台南市安南區府安路七段102巷1號,臺南市安南區海南里16鄰府安路七段102巷6號,120.1784537839,23.011838600713,找不到號碼完全吻合，找最接近的
台南市北區長榮路四段84巷1號,臺南市北區振興里16鄰長榮路四段84巷2號,120.22285675882,23.00491840336,找不到號碼完全吻合，找最接近的
台南市安南區府安路七段93巷1號,臺南市安南區海南里16鄰府安路七段93巷2號,120.17882486627,23.011935431937,找不到號碼完全吻合，找最接近的
台南市北區長榮路四段76巷1號,臺南市北區振興里16鄰長榮路四段76巷1號,120.22281197437,23.004732884891
台南市安南區府安路七段84巷1號,臺南市安南區海南里15鄰府安路七段84巷3號,120.17897790758,23.012050907601,找不到號碼完全吻合，找最接近的
台南市北區南園街75巷1號,臺南市北區國興里6鄰南園街75巷2號,120.22517813043,23.008393744576,找不到號碼完全吻合，找最接近的
台南市安南區府安路七段75巷1號,臺南市安南區海南里15鄰府安路七段75巷3號,120.17928473789,23.012222895984,找不到號碼完全吻合，找最接近的
台南市北區南園街42巷1號,臺南市北區華興里4鄰南園街42巷1號,120.22422183241,23.008466269963
台南市安南區府安路七段66巷1號,臺南市安南區海南里14鄰府安路七段66巷1號,120.17965767365,23.012465209416
台南市北區南園街28巷1號,臺南市北區華興里3鄰南園街28巷1號,120.22399791083,23.008610829011
台南市安南區府安路七段57巷1號,臺南市安南區海南里13鄰府安路七段57巷3號,120.17990292571,23.012673629957,找不到號碼完全吻合，找最接近的
台南市北區南園街14巷1號,臺南市北區華興里3鄰南園街14巷1號,120.22377863392,23.008744845226
台南市安南區府安路七段48巷1號,臺南市安南區海南里13鄰府安路七段48巷3號,120.1802080339,23.012905025577,找不到號碼完全吻合，找最接近的
台南市北區北園街128巷1號,臺南市北區開元里10鄰北園街128巷1號,120.22220353006,23.013351789583
台南市安南區府安路七段37巷1號,臺南市安南區海南里11鄰府安路七段37巷3號,120.18054607705,23.013126658021,找不到號碼完全吻合，找最接近的
台南市北區北園街124巷9弄1號,臺南市北區開元里10鄰北園街124巷9弄1號,120.22301993605,23.013762606289
台南市安南區府安路七段28巷1號,臺南市安南區海南里11鄰府安路七段28巷3號,120.18090343708,23.013348209105,找不到號碼完全吻合，找最接近的
台南市北區北門路二段91巷1號,臺南市北區公園里3鄰北門路二段91巷1號,120.21241912751,22.999280884456
台南市安南區府安路七段19巷1號,臺南市安南區海南里11鄰府安路七段19巷3號,120.18115800391,23.013614016941,找不到號碼完全吻合，找最接近的
台南市北區北門路二段15巷1號,臺南市北區公園里1鄰北門路二段15巷1號,120.21183615185,22.998172794702
台南市安南區府安路七段10巷1號,臺南市安南區海南里10鄰府安路七段10巷3號,120.18149825313,23.013810103703,找不到號碼完全吻合，找最接近的
台南市北區精忠街103巷1號,臺南市北區大山里5鄰精忠街103巷1號,120.21327983731,23.008772223784
台南市安南區大眾五街92巷1號,臺南市安南區四草里5鄰大眾五街92巷2號,120.13056994643,23.014506916886,找不到號碼完全吻合，找最接近的
台南市北區精忠街25巷1號,臺南市北區大山里1鄰精忠街25巷1號,120.21469323125,23.008468151894
台南市安南區媽祖宮二街1號,臺南市安南區顯宮里4鄰媽祖宮二街3號,120.1295208715,23.040007741123,找不到號碼完全吻合，找最接近的
台南市北區旭日街143巷1號,臺南市北區大山里13鄰旭日街143巷1號,120.21351611583,23.010570393637
台南市安南區顯宮一街1號,臺南市安南區顯宮里3鄰顯宮一街30號,120.12978115153,23.040195822679,找不到號碼完全吻合，找最接近的
台南市北區大武街141巷1號,臺南市北區光武里4鄰大武街141巷1號,120.2157541123,23.012326567851
台南市安南區顯宮二街58巷1號,臺南市安南區顯宮里1鄰顯宮二街58巷1號,120.12688626414,23.03749715828
台南市北區大武街133巷1號,臺南市北區光武里4鄰大武街133巷2號,120.21571075847,23.012164894341,找不到號碼完全吻合，找最接近的
台南市安南區大眾六街181巷1號,臺南市安南區四草里2鄰大眾六街181巷1號,120.12474001762,23.019879126382
台南市北區長北街194巷1號,臺南市北區長德里11鄰長北街194巷1號,120.20555020414,23.003913350522
台南市安南區四草大道81巷1號,臺南市安南區四草里7鄰四草大道81巷2號,120.13518010437,23.002478824173,找不到號碼完全吻合，找最接近的
台南市北區長北街152巷20弄1號,臺南市北區長德里11鄰長北街152巷20弄4號,120.20583369318,23.003159492656,找不到號碼完全吻合，找最接近的
台南市北區南園街96巷1號,臺南市北區華興里7鄰南園街96巷1號,120.22532096461,23.007911420703
台南市北區正覺街102巷1號,臺南市北區正覺里22鄰正覺街102巷1號,120.21326524479,23.018033539247
台南市北區南園街49巷1號,臺南市北區國興里3鄰南園街49巷1號,120.22464282329,23.008676567238
台南市北區正覺街66巷1號,臺南市北區正覺里16鄰正覺街66巷1號,120.21298395979,23.016912586497
台南市北區開元路342巷1號,臺南市北區國興里2鄰開元路342巷5號,120.22426233085,23.009350790767,找不到號碼完全吻合，找最接近的
台南市北區正覺街44巷3弄1號,臺南市北區正覺里17鄰正覺街44巷3弄1號,120.21306812269,23.016328755987
台南市北區開元路73巷41弄1號,臺南市北區勝安里8鄰開元路73巷41弄2號,120.21821962492,23.008282333623,找不到號碼完全吻合，找最接近的
台南市北區裕民街94巷1號,臺南市北區三德里4鄰裕民街94巷2號,120.20491427264,23.000305422915,找不到號碼完全吻合，找最接近的
台南市北區開元路68巷1號,臺南市北區中樓里12鄰開元路68巷1號,120.21716517678,23.005922424868
台南市北區裕民街69巷1號,臺南市北區三德里11鄰裕民街69巷1號,120.20475524793,23.000177299728
台南市北區開元路66巷1號,臺南市北區中樓里11鄰開元路66巷1號,120.21692022853,23.00572083495
台南市北區裕民街51巷1號,臺南市北區三德里12鄰裕民街51巷1號,120.20471003202,22.999836817457
台南市北區公園路892巷1號,臺南市北區正風里1鄰公園路892巷2號,120.21294467141,23.014117206705,找不到號碼完全吻合，找最接近的
台南市北區裕民街1號,臺南市北區三德里13鄰裕民街1號,120.20421992357,22.998881045123
台南市北區公園路862巷1號,臺南市北區正風里1鄰公園路862巷1號,120.21276329308,23.013886578487
台南市中西區康樂街225巷1號,臺南市中西區安海里6鄰康樂街225巷5號,120.19443946553,22.994892758684,找不到號碼完全吻合，找最接近的
台南市北區前鋒路290巷1號,臺南市北區中樓里6鄰前鋒路290巷5號,120.21567799579,23.004500675229,找不到號碼完全吻合，找最接近的
台南市中西區永華1街44巷1號,臺南市中西區大涼里26鄰永華一街44巷1號,120.1891882656,22.989731175142
台南市北區北忠街16巷1號,臺南市北區公園里2鄰北忠街16巷6號,120.21214167073,22.998734264681,找不到號碼完全吻合，找最接近的
台南市中西區永華1街148巷1號,臺南市中西區大涼里22鄰永華一街148巷11號,120.18978391141,22.991676780706,找不到號碼完全吻合，找最接近的
台南市北區公園路820巷1號,臺南市北區延平里10鄰公園路820巷5號,120.21217663088,23.01191771153,找不到號碼完全吻合，找最接近的
台南市中西區府前2街1號,臺南市中西區大涼里21鄰府前二街8號,120.18761020433,22.993210881885,找不到號碼完全吻合，找最接近的
台南市北區北園街87巷1號,臺南市北區新勝里5鄰北園街87巷1號,120.22291966457,23.010439382939
台南市中西區宮後街1號,臺南市中西區水仙里11鄰宮後街1號,120.19945685218,22.996301428171
台南市北區北園街53巷1號,臺南市北區新勝里7鄰北園街53巷1號,120.22203541133,23.009632441457
台南市中西區永和街1號,臺南市東山區東中里23鄰永和街1號,120.40114843406,23.318619243719,TOWN 欄位不相同
台南市北區北門路二段366巷1號,臺南市北區大仁里4鄰北門路二段366巷1號,120.21585986623,23.008291253967
台南市中西區和善街44巷1號,臺南市中西區協和里13鄰和善街44巷16號,120.19106120891,23.001472941496,找不到號碼完全吻合，找最接近的
台南市北區北門路二段344巷1號,臺南市北區大仁里3鄰北門路二段344巷1號,120.21577064969,23.007912900928
台南市中西區和善街43巷1號,臺南市中西區藥王里22鄰和善街43巷1號,120.19056487009,23.001201127862
台南市北區北門路二段291巷1號,臺南市北區大仁里5鄰北門路二段291巷1號,120.21491520381,23.008156268164
台南市中西區武聖路27巷1號,臺南市中西區光賢里2鄰武聖路27巷2號,120.19268846829,23.005025109794,找不到號碼完全吻合，找最接近的
台南市北區北門路二段263巷1號,臺南市北區大仁里6鄰北門路二段263巷1號,120.21496023905,23.007824633985
台南市中西區文賢路67巷1號,臺南市中西區協和里3鄰文賢路67巷1號,120.19401579841,23.000668883596
台南市北區北門路二段247巷1號,臺南市北區大仁里6鄰北門路二段247巷2號,120.21491266015,23.007601173147,找不到號碼完全吻合，找最接近的
台南市中西區協和街1號,臺南市中西區藥王里14鄰協和街13號,120.18970704284,22.999196482851,找不到號碼完全吻合，找最接近的
台南市北區北門路二段237巷1號,臺南市北區大仁里8鄰北門路二段237巷1號,120.21477811916,23.007352087006
台南市中西區臨安路1段146巷1號,臺南市中西區協和里6鄰臨安路一段146巷2號,120.19288156314,23.000554926867,找不到號碼完全吻合，找最接近的
台南市北區北門路二段231巷1號,臺南市北區大仁里8鄰北門路二段231巷1號,120.21466197422,23.007228069066
台南市中西區臨安路1段33巷1號,臺南市中西區協進里9鄰臨安路一段33巷1號,120.18937044599,22.998245696375
台南市北區長榮路五段199巷1號,臺南市北區新勝里16鄰長榮路五段199巷1號,120.21997932467,23.012182279937
台南市中西區河中街1號,臺南市中西區安海里10鄰河中街1號,120.19290365711,22.994311980489
台南市北區長榮路五段117巷1號,臺南市北區新勝里11鄰長榮路五段117巷4號,120.2199509971,23.010390380215,找不到號碼完全吻合，找最接近的
台南市中西區國華街2段1號,臺南市中西區元安里2鄰國華街二段11號,120.1962318104,22.987811770005,找不到號碼完全吻合，找最接近的
台南市北區公園北路136巷1號,臺南市北區興南里8鄰公園北路136巷1號,120.2088487443,23.005178730433
台南市中西區友愛街1號,臺南市中西區永華里15鄰友愛街1號,120.20607732226,22.990973284447
台南市北區公園北路116巷4弄1號,臺南市北區興南里7鄰公園北路116巷4弄1號,120.20978154695,23.00546946244
台南市中西區大新街7巷1號,臺南市中西區藥王里8鄰大新街7巷1號,120.19151880259,22.998276542841
台南市北區公園北路88巷1號,臺南市北區興北里7鄰公園北路88巷1號,120.21101783701,23.004667068778
台南市中西區環河街2巷1號,臺南市中西區大涼里3鄰環河街2巷1號,120.19193330484,22.991974915931
台南市北區公園北路78巷1號,臺南市北區興北里4鄰公園北路78巷1號,120.21141960664,23.004637464482
台南市中西區普濟街1號,臺南市中西區水仙里18鄰普濟街1號,120.19814297887,22.997095844855
台南市北區成功路220巷1號,臺南市北區五福里11鄰成功路220巷1號,120.20313076125,22.999331319811
台南市中西區神農街1號,臺南市玉井區玉田里22鄰神農街2號,120.46247335129,23.12234513608,TOWN 欄位不相同;找不到號碼完全吻合，找最接近的
台南市北區成功路88巷1號,臺南市北區玉皇里15鄰成功路88巷3號,120.2060086317,22.998566833281,找不到號碼完全吻合，找最接近的
台南市中西區友愛街206巷1號,臺南市中西區保安里13鄰友愛街206巷1號,120.19644054167,22.992310463936
台南市北區成功路40巷1號,臺南市北區公園里17鄰成功路40巷4號,120.20822255626,22.998312529045,找不到號碼完全吻合，找最接近的
台南市中西區友愛街251巷1號,臺南市中西區保安里5鄰友愛街251巷1號,120.1967317834,22.991816457921
台南市北區成功路22巷18弄1號,臺南市北區公園里16鄰成功路22巷18弄2號,120.20902480735,22.998384344559,找不到號碼完全吻合，找最接近的
台南市中西區友愛街331巷1號,臺南市中西區民主里4鄰友愛街331巷1號,120.19498430057,22.992032980067
台南市北區北華街309巷1號,臺南市北區五福里4鄰北華街309巷1號,120.20386490884,23.001020033337
台南市中西區普濟街1號,臺南市中西區水仙里18鄰普濟街1號,120.19814297887,22.997095844855
台南市北區北華街250巷1號,臺南市北區五福里2鄰北華街250巷2號,120.20339917985,23.001661268565,找不到號碼完全吻合，找最接近的
台南市中西區慈聖街1號,臺南市中西區普濟里3鄰慈聖街3號,120.19899260517,22.998079550605,找不到號碼完全吻合，找最接近的
台南市北區北華街202巷1號,臺南市北區五福里1鄰北華街202巷1號,120.20403199396,23.001553469965
台南市中西區國華街2段153巷1號,臺南市中西區保安里6鄰國華街二段153巷1號,120.19692820474,22.991720470144
台南市北區北華街170巷1號,臺南市北區三德里1鄰北華街170巷2號,120.20533755825,23.001213810927,找不到號碼完全吻合，找最接近的
台南市安平區建平七街677號,臺南市安平區國平里24鄰建平七街677號,120.16945282699,22.989959451926,吻合地址超過一個
台南市北區裕民街83巷1號,臺南市北區三德里11鄰裕民街83巷1號,120.20457372361,23.000692821202
台南市安平區光州二街146號,臺南市安平區育平里38鄰光州二街146號,120.16527077377,22.986698565166
台南市中西區文賢路110巷1號,臺南市中西區三合里16鄰文賢路110巷1號,120.19477708874,23.001496572968
台南市安平區光州二街142號,臺南市安平區育平里38鄰光州二街142號,120.16509009475,22.98673824863
台南市中西區協和街200巷1號,臺南市中西區協和里8鄰協和街200巷1號,120.19349932045,23.001980135427
台南市安平區永華三街333號,臺南市安平區建平里3鄰永華三街333號,120.18222183058,22.997335884298
台南市中西區正興街61巷1號,臺南市中西區中正里7鄰正興街61巷2號,120.19710719488,22.99409413288,找不到號碼完全吻合，找最接近的
台南市安平區建平十七街231號,臺南市安平區怡平里4鄰建平十七街231號,120.17625197805,22.99709982349
台南市中西區海安路2段22巷1號,臺南市中西區中正里8鄰海安路二段22巷6號,120.19651165609,22.993726386794,找不到號碼完全吻合，找最接近的
台南市安平區育平九街192巷71號,臺南市安平區平通里3鄰育平九街192巷71號,120.17085553606,22.996722384449,吻合地址超過一個
台南市中西區保安路179巷1號,臺南市中西區民生里17鄰保安路179巷1號,120.19232713411,22.991044203203
台南市安平區健康三街592巷55號,臺南市安平區平通里5鄰健康三街592巷55號,120.17083922203,22.997077813261,吻合地址超過一個
台南市中西區友愛街201巷1號,臺南市中西區保安里1鄰友愛街201巷1號,120.19741764442,22.991786341813
台南市安平區建平八街450巷1號,臺南市安平區華平里15鄰建平八街450巷1號,120.17154509189,22.992014817529
台南市中西區正興街116巷1號,臺南市中西區中正里6鄰正興街116巷1號,120.1965960596,22.994396669349
台南市安平區永華八街193巷18號,臺南市安平區華平里17鄰永華八街193巷18號,120.17194193505,22.993011827043
台南市中西區正德街23巷1號,臺南市中西區中正里13鄰正德街23巷1號,120.19531607727,22.994130647103
台南市安平區健康三街107巷21號,臺南市安平區育平里31鄰健康三街107巷21號,120.16781507671,22.987546779212
台南市中西區正德街13巷1號,臺南市中西區中正里9鄰正德街13巷1號,120.19532766943,22.993965283206
台南市安平區育平四街22號,臺南市安平區育平里18鄰育平四街22號,120.16838569514,22.989768737652
台南市中西區正德街1號,臺南市中西區中正里9鄰正德街1號,120.19532905463,22.993734832528
台南市安平區育平五街6號,臺南市安平區國平里19鄰育平五街6號,120.16988472841,22.99062687144,吻合地址超過一個
台南市中西區海安路2段21巷1號,臺南市中西區中正里10鄰海安路二段21巷2號,120.19587842219,22.993961451645,找不到號碼完全吻合，找最接近的
台南市安平區育平五街68號,臺南市安平區育平里5鄰育平五街68號,120.16777020787,22.99111270372,吻合地址超過一個
台南市中西區海安路2段79巷1號,臺南市中西區中正里11鄰海安路二段79巷5號,120.19599904515,22.99487115327,找不到號碼完全吻合，找最接近的
台南市安平區安平路426巷1號,臺南市安平區平安里9鄰安平路426巷3號,120.17402246018,22.998421505173,找不到號碼完全吻合，找最接近的
台南市中西區國華街三段16巷20巷1號,臺南市中西區中正里3鄰國華街三段20巷9號,120.1976909725,22.993448546966,找不到號碼完全吻合，找最接近的
台南市安平區延平街1號,臺南市安平區港仔里7鄰延平街1號,120.16486515273,22.999985444987
台南市中西區國華街三段9巷1號,臺南市中西區中正里8鄰國華街三段9巷5號,120.1972427379,22.993407175848,找不到號碼完全吻合，找最接近的
台南市安平區安平路33巷1號,臺南市安平區港仔里1鄰安平路33巷1號,120.16744245808,22.998959562229
台南市安平區育平五街70號,臺南市安平區育平里8鄰育平五街70號,120.16749874587,22.991100080227,吻合地址超過一個
台南市安平區安平路696巷1號,臺南市安平區石門里19鄰安平路696巷1號,120.16644892712,22.999638545108
台南市安平區永華五街93號,臺南市安平區建平里27鄰永華五街93號,120.17962340857,22.992329022073
台南市安平區古堡街122巷1號,臺南市安平區海頭里18鄰古堡街122巷2號,120.15893635206,23.00395294177,找不到號碼完全吻合，找最接近的
台南市安平區建平八街76號,臺南市安平區建平里28鄰建平八街76號,120.17997912029,22.990779221672
台南市安平區古堡街118巷1號,臺南市安平區海頭里17鄰古堡街118巷1號,120.15927950293,23.003718627981
台南市安平區安北路426巷1號,臺南市安平區西門里18鄰安北路426巷1號,120.15239718496,22.999870450789
台南市安平區古堡街90巷1號,臺南市安平區海頭里16鄰古堡街90巷1號,120.16036718939,23.003534857652
台南市安平區安北路370巷1號,臺南市安平區西門里17鄰安北路370巷3號,120.1532953226,23.000687868561,找不到號碼完全吻合，找最接近的
台南市安平區安北路452巷1號,臺南市安平區西門里21鄰安北路452巷14號,120.15225144889,22.99991870396,找不到號碼完全吻合，找最接近的
台南市安平區安北路152巷1號,臺南市安平區海頭里15鄰安北路152巷1號,120.16151385498,23.003135302794
台南市安南區長溪路1段159巷21弄1號,臺南市安南區安慶里26鄰長溪路一段159巷21弄1號,120.20965601869,23.036165800972
台南市安平區安北路146巷1號,臺南市安平區海頭里15鄰安北路146巷1號,120.16166882484,23.003139825534
台南市安南區安和路5段171巷191弄1號,臺南市安南區州北里3鄰安和路五段171巷191弄1號,120.21585778629,23.064104786498
台南市安平區安北路100巷1號,臺南市安平區石門里16鄰安北路100巷1號,120.16529121569,23.002111020544
台南市安南區安和路5段171巷181弄1號,臺南市安南區州北里3鄰安和路五段171巷181弄3號,120.21573233778,23.064331721885,找不到號碼完全吻合，找最接近的
台南市安平區安北路86巷1號,臺南市安平區石門里16鄰安北路86巷10號,120.16588603571,23.001793677404,找不到號碼完全吻合，找最接近的
台南市安南區安和路5段171巷92弄1號,臺南市安南區州北里11鄰安和路五段171巷92弄1號,120.21562896452,23.065683100993
台南市安平區安北路35巷1號,臺南市安平區石門里10鄰安北路35巷2號,120.16661015796,23.000433858984,找不到號碼完全吻合，找最接近的
台南市安南區安和路5段171巷47弄1號,臺南市安南區州北里25鄰安和路五段171巷47弄16號,120.21650669172,23.065632371434,找不到號碼完全吻合，找最接近的
台南市安平區安平路336巷1號,臺南市安平區平安里5鄰安平路336巷3號,120.17725282129,22.998470555042,找不到號碼完全吻合，找最接近的
台南市安南區安和路5段81巷64弄1號,臺南市安南區州北里1鄰安和路五段81巷64弄6號,120.21683999297,23.064935727863,找不到號碼完全吻合，找最接近的
台南市安平區安平路80巷1號,臺南市安平區平安里2鄰安平路80巷1號,120.18451788403,22.998422158959
台南市安南區怡安路1段446巷1號,臺南市安南區頂安里8鄰怡安路一段446巷1號,120.2056638672,23.042594189932
台南市安南區怡安路1段291巷1號,臺南市安南區安慶里6鄰怡安路一段291巷8號,120.20916708915,23.041216145438,找不到號碼完全吻合，找最接近的
台南市安平區安平路98巷1號,臺南市安平區平安里3鄰安平路98巷1號,120.18417727649,22.998453545457
台南市安南區安中路1段113巷1號,臺南市安南區安慶里14鄰安中路一段113巷2號,120.20930043082,23.034602088366,找不到號碼完全吻合，找最接近的
台南市安南區惠安街161巷1號,臺南市安南區溪頂里14鄰惠安街161巷1號,120.20719895923,23.025704870675
台南市安平區古堡街72巷1號,臺南市安平區海頭里19鄰古堡街72巷1號,120.16112730996,23.003463033399
台南市安南區惠安街151巷1號,臺南市安南區溪頂里13鄰惠安街151巷1號,120.20718401563,23.025941294215
台南市安平區古堡街76巷1號,臺南市安平區海頭里16鄰古堡街76巷1號,120.16074927177,23.003613638403
台南市安南區惠安街145巷1號,臺南市安南區溪頂里12鄰惠安街145巷1號,120.20716839222,23.026177172534
台南市安平區古堡街81巷1號,臺南市安平區西門里11鄰古堡街81巷1號,120.16091194525,23.002577308157
台南市安南區惠安街51巷1號,臺南市安南區溪頂里1鄰惠安街51巷1號,120.20991815074,23.026799193167
台南市安平區安平路169巷1號,臺南市安平區港仔里19鄰安平路169巷2號,120.16176288319,22.999992535087,找不到號碼完全吻合，找最接近的
台南市安南區府安路4段91巷22弄1號,臺南市安南區溪北里17鄰府安路四段91巷22弄3號,120.21117446789,23.026076460066,找不到號碼完全吻合，找最接近的
台南市安平區運河路23巷1號,臺南市安平區港仔里16鄰運河路23巷2號,120.16208510809,22.999211153138,找不到號碼完全吻合，找最接近的
台南市安南區府安路4段91巷18弄1號,臺南市安南區溪北里15鄰府安路四段91巷18弄2號,120.2109817697,23.025542452056,找不到號碼完全吻合，找最接近的
台南市安平區運河路13巷1號,臺南市安平區港仔里13鄰運河路13巷4號,120.16296768444,22.999144391903,找不到號碼完全吻合，找最接近的
台南市安南區府安路4段91巷8弄1號,臺南市安南區溪北里15鄰府安路四段91巷8弄1號,120.2110024593,23.02545749158
台南市安平區運河路52巷1號,臺南市安平區金城里3鄰運河路52巷3號,120.16048491553,22.998032383847,找不到號碼完全吻合，找最接近的
台南市安南區海佃路一段227巷1號,臺南市安南區海佃里20鄰海佃路一段227巷1號,120.19096437862,23.025136345618
台南市安平區國勝路7巷1號,臺南市安平區金城里1鄰國勝路7巷1號,120.16125245758,22.999138207876
台南市安南區府安路六段94巷1號,臺南市安南區幸福里11鄰府安路六段94巷1號,120.18783069989,23.01810554891
台南市安南區府安路六段71巷1號,臺南市安南區幸福里13鄰府安路六段71巷1號,120.18871094739,23.018691871192
台南市安平區同平路156巷1號,臺南市安平區金城里11鄰同平路156巷1號,120.1526190649,22.995218092673
台南市安南區府安路六段37巷1號,臺南市安南區幸福里16鄰府安路六段37巷1號,120.19018236658,23.019527826007
台南市安平區同平路148巷1號,臺南市安平區金城里9鄰同平路148巷1號,120.15260461522,22.995532893262
台南市安南區府安路五段44巷1號,臺南市安南區溪東里7鄰府安路五段44巷1號,120.20304770847,23.024413935959
台南市安平區同平路108巷1號,臺南市安平區金城里9鄰同平路108巷2號,120.15280907103,22.99668721463,找不到號碼完全吻合，找最接近的
台南市安南區府安路五段35巷1號,臺南市安南區溪東里8鄰府安路五段35巷1號,120.20341267616,23.024481241674
台南市安平區同平路96巷1號,臺南市安平區金城里7鄰同平路96巷10號,120.15284304476,22.997026294104,找不到號碼完全吻合，找最接近的
台南市安南區大安街201巷1號,臺南市安南區理想里16鄰大安街201巷1號,120.19377323267,23.034422493908
台南市安平區安北路121巷1號,臺南市安平區海頭里4鄰安北路121巷1號,120.16328611616,23.002521511717
台南市安南區安中路三段1巷1號,臺南市安南區溪心里1鄰安中路三段1巷8號,120.18335606631,23.046855726137,找不到號碼完全吻合，找最接近的
台南市安平區安北路131巷1號,臺南市安平區海頭里12鄰安北路131巷1號,120.16263333343,23.002666967249
台南市安南區本原街三段234巷1號,臺南市安南區淵中里11鄰本原街三段234巷7號,120.17371811331,23.051938055707,找不到號碼完全吻合，找最接近的
台南市安平區安平路121巷1號,臺南市安平區港仔里9鄰安平路121巷1號,120.16348410879,22.999549409548
台南市安南區本原街三段169巷26弄1號,臺南市安南區淵東里15鄰本原街三段169巷26弄2號,120.17553166579,23.051755905821,找不到號碼完全吻合，找最接近的
台南市安平區安平路75巷1號,臺南市安平區港仔里2鄰安平路75巷14號,120.16521699376,22.998774092204,找不到號碼完全吻合，找最接近的
台南市安南區本原街三段136巷1號,臺南市安南區淵東里5鄰本原街三段136巷2號,120.17597661836,23.053072274654,找不到號碼完全吻合，找最接近的
台南市安南區本原街三段134巷1號,臺南市安南區淵東里13鄰本原街三段134巷2號,120.17627035237,23.053165730953,找不到號碼完全吻合，找最接近的
台南市安平區安平路51巷1號,臺南市安平區港仔里2鄰安平路51巷2號,120.16640695574,22.999103112024,找不到號碼完全吻合，找最接近的
台南市安南區本原街二段132巷1號,臺南市安南區溪心里7鄰本原街二段132巷55號,120.18663254782,23.056671563172,找不到號碼完全吻合，找最接近的
台南市安平區安平路724巷1號,臺南市安平區港仔里7鄰安平路724巷1號,120.16427600188,23.000016651658
台南市安南區本原街一段97巷1號,臺南市安南區原佃里11鄰本原街一段97巷7號,120.19993266236,23.050826731289,找不到號碼完全吻合，找最接近的
台南市安平區安平路686巷1號,臺南市安平區石門里19鄰安平路686巷1號,120.16677694354,22.999625371422
台南市安南區公學路4段234巷1號,臺南市安南區佃西里3鄰公學路四段234巷5號,120.17502209149,23.06637591416,找不到號碼完全吻合，找最接近的
台南市安平區觀音街1號,臺南市安平區港仔里7鄰觀音街26號,120.16382496057,22.999891101003,找不到號碼完全吻合，找最接近的
台南市安南區大安街96巷1號,臺南市安南區大安里5鄰大安街96巷1號,120.19275062547,23.032031804897
台南市安平區安平路680巷1號,臺南市安平區石門里19鄰安平路680巷1號,120.16690811362,22.999565650245
台南市安南區大安街89巷1號,臺南市安南區理想里14鄰大安街89巷1號,120.19219867837,23.03214953926
台南市安南區府安路三段289巷52弄1號,臺南市安南區安和里6鄰府安路三段289巷52弄1號,120.21735648091,23.030136952814
台南市安南區大安街82巷1號,臺南市安南區大安里4鄰大安街82巷1號,120.19256685534,23.031762493356
台南市安南區府安路三段289巷46弄1號,臺南市安南區安和里5鄰府安路三段289巷46弄1號,120.21760261655,23.030082923858
台南市安南區大安街75巷1號,臺南市安南區理想里14鄰大安街75巷1號,120.19201876433,23.03188819326
台南市安南區府安路三段289巷38弄1號,臺南市安南區安和里4鄰府安路三段289巷38弄1號,120.21784901984,23.030004460347
台南市安南區大安街59巷1號,臺南市安南區理想里13鄰大安街59巷1號,120.19180975127,23.031581999564
台南市安南區長和路1段845巷24弄1號,臺南市安南區東和里1鄰長和路一段845巷24弄10號,120.22686945931,23.062455221416,找不到號碼完全吻合，找最接近的
台南市安南區大安街264巷1號,臺南市安南區大安里11鄰大安街264巷1號,120.19511491114,23.035452252472
台南市安南區安和路2段318巷35弄1號,臺南市安南區新順里3鄰安和路二段318巷35弄1號,120.21779424368,23.043414982335
台南市安南區大安街257巷1號,臺南市安南區理想里17鄰大安街257巷1號,120.1945555187,23.035556592344
台南市安南區大安街180巷1號,臺南市安南區大安里8鄰大安街180巷1號,120.19389900316,23.033699735603
台南市北區臨安路二段68巷1號,臺南市北區裕民里6鄰臨安路二段68巷1號,120.19721127489,23.002670112546
台南市北區大興街246巷53弄1號,臺南市北區大港里16鄰大興街246巷53弄1號,120.18636600688,23.011973553583
台南市北區文賢路1122巷11弄1號,臺南市北區文元里12鄰文賢路1122巷11弄7號,120.19402850632,23.016544680864,找不到號碼完全吻合，找最接近的
台南市安南區總安街一段90巷1號,臺南市安南區安順里4鄰總安街一段90巷1號,120.21665842189,23.051134696126
台南市關廟區松平街56巷1號,臺南市關廟區松腳里4鄰松平街56巷6號,120.33712474263,22.957688599348,找不到號碼完全吻合，找最接近的
台南市安南區安生街78巷1號,臺南市安南區新順里2鄰安生街78巷3號,120.21507565753,23.045852190677,找不到號碼完全吻合，找最接近的
台南市關廟區花園一街191巷1號,臺南市關廟區南花里14鄰花園一街191巷1號,120.33380556414,22.960970773098
台南市安南區安中路1段354巷1號,臺南市安南區頂安里13鄰安中路一段354巷15號,120.20445424559,23.038623813588,找不到號碼完全吻合，找最接近的
台南市關廟區武聖路1號,臺南市關廟區關廟里3鄰武聖路1號,120.32690315008,22.961501510428
台南市安南區安中路1段203巷1號,臺南市安南區安慶里24鄰安中路一段203巷1號,120.20717996402,23.035841060244
台南市安南區安中路1段189巷92弄1號,臺南市安南區安慶里23鄰安中路一段189巷92弄2號,120.20720760924,23.034050892525,找不到號碼完全吻合，找最接近的
台南市關廟區四維街260巷1號,臺南市關廟區南花里1鄰四維街260巷1號,120.33569748284,22.960292401786
台南市安南區安中路1段189巷70弄1號,臺南市安南區安慶里21鄰安中路一段189巷70弄1號,120.20718480024,23.034213952023
台南市歸仁區民生十街1號,臺南市歸仁區歸南里26鄰民生十街1號,120.2789761751,22.961263769261
台南市安南區安中路1段189巷48弄1號,臺南市安南區安慶里18鄰安中路一段189巷48弄1號,120.20712757307,23.034623179972
台南市歸仁區成功十街1號,臺南市歸仁區崙頂里28鄰成功十街8號,120.29573330822,22.956412584083,找不到號碼完全吻合，找最接近的
台南市安南區長溪路1段387巷1號,臺南市安南區頂安里20鄰長溪路一段387巷1號,120.20586721664,23.039330655002
台南市歸仁區公園八街1號,臺南市歸仁區許厝里33鄰公園八街1號,120.29657854499,22.964183480897
台南市安南區郡安路4段249巷1號,臺南市安南區溪頂里22鄰郡安路四段249巷2號,120.20695022339,23.02824875851,找不到號碼完全吻合，找最接近的
台南市歸仁區中正十八街1號,臺南市歸仁區六甲里21鄰中正十八街3號,120.28232486713,22.956614092305,找不到號碼完全吻合，找最接近的
台南市安南區公學路一段226巷1號,臺南市安南區公親里1鄰公學路一段226巷1號,120.19984003006,23.077765878632
台南市歸仁區公園路156巷1號,臺南市歸仁區許厝里35鄰公園路156巷2號,120.29634596888,22.964182449073,找不到號碼完全吻合，找最接近的
台南市安南區長溪路1段490巷1號,臺南市安南區頂安里4鄰長溪路一段490巷1號,120.20440813125,23.041774448511
台南市歸仁區公園路39巷1號,臺南市歸仁區許厝里10鄰公園路39巷2號,120.29946709405,22.964532917275,找不到號碼完全吻合，找最接近的
台南市安南區長溪路1段476巷1號,臺南市安南區頂安里1鄰長溪路一段476巷3號,120.20478415956,23.041228845671,找不到號碼完全吻合，找最接近的
台南市歸仁區和平南街71巷1號,臺南市歸仁區許厝里35鄰和平南街71巷1號,120.29624606924,22.964642551081
台南市安南區長溪路1段342巷38弄1號,臺南市安南區安慶里8鄰長溪路一段342巷38弄10號,120.20711329023,23.039981925206,找不到號碼完全吻合，找最接近的
台南市歸仁區成功路一段159巷1號,臺南市歸仁區看東里6鄰成功路一段159巷2號,120.30300175325,22.96114722588,找不到號碼完全吻合，找最接近的
台南市安南區安和路1段459巷1號,臺南市安南區安西里15鄰安和路一段459巷10號,120.2129482302,23.036141488987,找不到號碼完全吻合，找最接近的
台南市歸仁區崙頂三街1號,臺南市歸仁區崙頂里14鄰崙頂三街2號,120.29682936407,22.958600433573,找不到號碼完全吻合，找最接近的
台南市安南區安和路1段321巷1號,臺南市安南區安西里11鄰安和路一段321巷2號,120.2119800523,23.03307140142,找不到號碼完全吻合，找最接近的
台南市仁德區二行里行大街521巷1號,臺南市仁德區大甲里18鄰行大街521巷3號,120.21276742321,22.917436882337,VILLAGE 欄位不相同;找不到號碼完全吻合，找最接近的
台南市安南區安和路1段285巷1號,臺南市安南區安西里9鄰安和路一段285巷2號,120.21224339643,23.03234759558,找不到號碼完全吻合，找最接近的
台南市仁德區二行里行大街56巷1號,臺南市仁德區二行里7鄰行大街56巷2號,120.22238765509,22.916163509695,找不到號碼完全吻合，找最接近的
台南市安南區安和路1段263巷1號,臺南市安南區安西里4鄰安和路一段263巷2號,120.21237000421,23.031933563534,找不到號碼完全吻合，找最接近的
台南市永康區南灣街99巷1號,臺南市永康區南灣里34鄰南灣街99巷1號,120.26195415218,23.004392961494
台南市安南區安和路1段215巷1號,臺南市安南區安西里2鄰安和路一段215巷2號,120.21249946831,23.031145338006,找不到號碼完全吻合，找最接近的
台南市永康區南台街54巷1號,臺南市永康區尚頂里26鄰南臺街54巷2號,120.22290979664,23.022548477955,找不到號碼完全吻合，找最接近的
台南市安南區安和路1段123巷1號,臺南市安南區溪北里1鄰安和路一段123巷10號,120.2136297087,23.028413301391,找不到號碼完全吻合，找最接近的
台南市永康區蔦松一街74巷1號,臺南市永康區蔦松里6鄰蔦松一街74巷6號,120.2573468742,23.045259980327,找不到號碼完全吻合，找最接近的
台南市安南區安和路1段101巷1號,臺南市安南區溪北里1鄰安和路一段101巷12號,120.21401353467,23.028057886906,找不到號碼完全吻合，找最接近的
台南市永康區三民街90巷1號,臺南市永康區三民里3鄰三民街90巷1號,120.24796571428,23.05262289003
台南市安南區安和路1段288巷109弄1號,臺南市安南區安東里4鄰安和路一段288巷109弄1號,120.21513062117,23.033990344077
台南市歸仁區長榮路一段200巷1號,臺南市歸仁區大潭里8鄰長榮路一段200巷1號,120.2693434635,22.910329906149
台南市安南區安和路1段288巷15弄1號,臺南市安南區安東里7鄰安和路一段288巷15弄2號,120.21317020832,23.032325388092,找不到號碼完全吻合，找最接近的
台南市歸仁區中正北路三段160巷1號,臺南市歸仁區媽廟里20鄰中正北路三段160巷1號,120.29425683444,22.994902307421
台南市安南區安和路1段220巷61弄1號,臺南市安南區安東里10鄰安和路一段220巷61弄1號,120.2141245462,23.031863545692
台南市歸仁區國光街66巷1號,臺南市歸仁區後市里41鄰國光街66巷1號,120.28956714567,22.968088708695
台南市安南區安和路1段96巷32弄1號,臺南市安南區安和里13鄰安和路一段96巷32弄1號,120.21536860868,23.028593686263
台南市歸仁區媽廟一街38巷1號,臺南市歸仁區媽廟里2鄰媽廟一街38巷2號,120.29192921433,22.9919119343,找不到號碼完全吻合，找最接近的
台南市安南區府安路4段24巷1號,臺南市安南區溪北里9鄰府安路四段24巷1號,120.21374210921,23.025585990085
台南市歸仁區文化十二街66巷1號,臺南市歸仁區南興里2鄰文化十二街66巷1號,120.28309313706,22.971523492945
台南市安南區海佃路一段400巷1號,臺南市安南區溪墘里20鄰海佃路一段400巷1號,120.19149779167,23.028677868944
台南市歸仁區民生二街146巷1號,臺南市歸仁區南興里11鄰民生二街146巷1號,120.2788459987,22.972018233656
台南市安南區海佃路一段320巷1號,臺南市安南區溪墘里14鄰海佃路一段320巷1號,120.19145554072,23.026846895259
台南市北區大興街246巷38弄1號,臺南市北區大港里8鄰大興街246巷38弄1號,120.18710253962,23.011774430918
台南市安南區府安路五段267巷1號,臺南市安南區溪墘里21鄰府安路五段267巷1號,120.19321605002,23.020959868083
台南市安南區府安路五段230巷1號,臺南市安南區安富里28鄰府安路五段230巷1號,120.19483002793,23.021685346904
台南市北區文賢路1080巷1號,臺南市北區文元里11鄰文賢路1080巷1號,120.19387572713,23.015265873722
台南市安南區大安街285巷1號,臺南市安南區理想里18鄰大安街285巷1號,120.19490214447,23.036071355239
台南市北區文賢路1122巷24弄1號,臺南市北區文元里11鄰文賢路1122巷24弄1號,120.1942005192,23.016310683831
台南市安南區大安街264巷1號,臺南市安南區大安里11鄰大安街264巷1號,120.19511491114,23.035452252472
台南市北區大興街246巷38弄49號,臺南市北區大港里8鄰大興街246巷38弄49號,120.18741543465,23.01199420408
台南市安南區國安街9巷1號,臺南市安南區幸福里1鄰國安街9巷2號,120.19126339079,23.022504882955,找不到號碼完全吻合，找最接近的
台南市北區海安路三段41巷1號,臺南市北區安民里6鄰海安路三段41巷1號,120.19901672935,23.001777055124
台南市安南區國安街56巷1號,臺南市安南區海佃里2鄰國安街56巷1號,120.19004026803,23.022803844814
台南市安南區大安街110巷1號,臺南市安南區大安里5鄰大安街110巷1號,120.19293284983,23.032298670228
台南市安南區國安街156巷1號,臺南市安南區海佃里4鄰國安街156巷2號,120.18779040818,23.022373319005,找不到號碼完全吻合，找最接近的
台南市安南區大安街117巷1號,臺南市安南區理想里15鄰大安街117巷1號,120.19253138577,23.032655747823
台南市安南區國安街155巷62弄1號,臺南市安南區幸福里8鄰國安街155巷62弄1號,120.18781305206,23.020433322874
台南市安南區大安街124巷1號,臺南市安南區大安里6鄰大安街124巷1號,120.19310368236,23.032545340192
台南市安南區郡安路5段31巷1號,臺南市安南區溪東里20鄰郡安路五段31巷5號,120.20216756738,23.027804365601,找不到號碼完全吻合，找最接近的
台南市安南區本原街三段321巷1號,臺南市安南區淵東里9鄰本原街三段321巷2號,120.17380090131,23.050684037559,找不到號碼完全吻合，找最接近的
台南市安南區郡安路5段164巷9弄1號,臺南市安南區安富里22鄰郡安路五段164巷9弄1號,120.19677484842,23.027893842781
台南市安南區安中路二段336巷1號,臺南市安南區溪心里3鄰安中路二段336巷11號,120.18421233475,23.047529723485,找不到號碼完全吻合，找最接近的
台南市安南區郡安路5段184巷24弄1號,臺南市安南區安富里3鄰郡安路五段184巷24弄1號,120.19467794647,23.028532357421
台南市安南區安中路四段4巷1號,臺南市安南區淵中里5鄰安中路四段4巷1號,120.17331522367,23.050672739895
台南市安南區海環街32巷37弄38號,臺南市安南區海東里12鄰海環街32巷37弄38號,120.18545224755,23.039610259784
台南市安南區安中路四段290巷1號,臺南市安南區淵西里9鄰安中路四段290巷1號,120.1656048969,23.051791981943
台南市安南區海環街320巷1號,臺南市安南區海西里15鄰海環街320巷6號,120.18151950021,23.039167352327,找不到號碼完全吻合，找最接近的
台南市安南區海佃路四段55巷152弄1號,臺南市安南區淵東里2鄰海佃路四段55巷152弄3號,120.17436878244,23.054096920992,找不到號碼完全吻合，找最接近的
台南市安南區府安路5段11巷1號,臺南市安南區溪東里9鄰府安路五段11巷1號,120.20445180026,23.024662555694
台南市安南區海佃路四段388巷1號,臺南市安南區佃西里10鄰海佃路四段388巷7號,120.17620552628,23.06354512891,找不到號碼完全吻合，找最接近的
台南市安南區府安路5段205巷1號,臺南市安南區安富里30鄰府安路五段205巷53號,120.19586802416,23.022723892145,找不到號碼完全吻合，找最接近的
台南市安南區海佃路四段413巷1號,臺南市安南區佃西里10鄰海佃路四段413巷5號,120.17495275598,23.063422558484,找不到號碼完全吻合，找最接近的
台南市安南區府安路5段267巷1號,臺南市安南區溪墘里21鄰府安路五段267巷1號,120.19321605002,23.020959868083
台南市安南區海佃路二段265巷58弄1號,臺南市安南區海東里19鄰海佃路二段265巷58弄2號,120.18639319784,23.03670570836,找不到號碼完全吻合，找最接近的
台南市安南區府安路6段103巷1號,臺南市安南區幸福里11鄰府安路六段103巷2號,120.18762052443,23.018030965512,找不到號碼完全吻合，找最接近的
台南市安南區海中街77巷45弄1號,臺南市安南區海西里10鄰海中街77巷45弄7號,120.18347861082,23.039199429565,找不到號碼完全吻合，找最接近的
台南市安南區怡安路2段545巷1號,臺南市安南區鳳凰里24鄰怡安路二段545巷8號,120.19505626215,23.044010021473,找不到號碼完全吻合，找最接近的
台南市安南區海中街54巷1號,臺南市安南區海東里11鄰海中街54巷9號,120.18515233911,23.039979308475,找不到號碼完全吻合，找最接近的
台南市安南區怡安路2段59巷1號,臺南市安南區鳳凰里2鄰怡安路二段59巷1號,120.20280274318,23.042708590449
台南市安南區海中街51巷1號,臺南市安南區海西里11鄰海中街51巷12號,120.18449279805,23.03935671868,找不到號碼完全吻合，找最接近的
台南市安南區長溪路三段373巷51弄1號,臺南市安南區長安里2鄰長溪路三段373巷51弄4號,120.19559986492,23.066227439458,找不到號碼完全吻合，找最接近的
台南市安南區海中街23巷1號,臺南市安南區海西里11鄰海中街23巷10號,120.18486793454,23.038987517104,找不到號碼完全吻合，找最接近的
台南市安南區長溪路三段405巷1號,臺南市安南區長安里1鄰長溪路三段405巷1號,120.19618661164,23.067995797792
台南市安南區海中街121巷1號,臺南市安南區海西里4鄰海中街121巷2號,120.18399830067,23.040961969093,找不到號碼完全吻合，找最接近的
台南市安南區海中街101巷1號,臺南市安南區海西里7鄰海中街101巷10號,120.18372420693,23.040316621885,找不到號碼完全吻合，找最接近的